gsName,gsGene,gsRange,gsSource,gsCitation
HousekeepingGenes,ARF5,,HRTAtlas,PMID32663312
HousekeepingGenes,M6PR,,HRTAtlas,PMID32663312
HousekeepingGenes,RALA,,HRTAtlas,PMID32663312
HousekeepingGenes,DVL2,,HRTAtlas,PMID32663312
HousekeepingGenes,RHBDD2,,HRTAtlas,PMID32663312
HousekeepingGenes,TSR3,,HRTAtlas,PMID32663312
HousekeepingGenes,NDUFAB1,,HRTAtlas,PMID32663312
HousekeepingGenes,RPS20,,HRTAtlas,PMID32663312
HousekeepingGenes,RANBP9,,HRTAtlas,PMID32663312
HousekeepingGenes,SS18L2,,HRTAtlas,PMID32663312
HousekeepingGenes,PPP5C,,HRTAtlas,PMID32663312
HousekeepingGenes,COX15,,HRTAtlas,PMID32663312
HousekeepingGenes,VDAC3,,HRTAtlas,PMID32663312
HousekeepingGenes,RTF2,,HRTAtlas,PMID32663312
HousekeepingGenes,B4GALT7,,HRTAtlas,PMID32663312
HousekeepingGenes,GABARAPL2,,HRTAtlas,PMID32663312
HousekeepingGenes,MRPS10,,HRTAtlas,PMID32663312
HousekeepingGenes,GRN,,HRTAtlas,PMID32663312
HousekeepingGenes,VAMP3,,HRTAtlas,PMID32663312
HousekeepingGenes,RCN1,,HRTAtlas,PMID32663312
HousekeepingGenes,FAM168A,,HRTAtlas,PMID32663312
HousekeepingGenes,CDC27,,HRTAtlas,PMID32663312
HousekeepingGenes,RPL18,,HRTAtlas,PMID32663312
HousekeepingGenes,ISOC2,,HRTAtlas,PMID32663312
HousekeepingGenes,EPN1,,HRTAtlas,PMID32663312
HousekeepingGenes,GPKOW,,HRTAtlas,PMID32663312
HousekeepingGenes,KDM4B,,HRTAtlas,PMID32663312
HousekeepingGenes,FOXJ2,,HRTAtlas,PMID32663312
HousekeepingGenes,GOLGA5,,HRTAtlas,PMID32663312
HousekeepingGenes,PPP2R5B,,HRTAtlas,PMID32663312
HousekeepingGenes,REXO1,,HRTAtlas,PMID32663312
HousekeepingGenes,MKRN2,,HRTAtlas,PMID32663312
HousekeepingGenes,LAPTM4A,,HRTAtlas,PMID32663312
HousekeepingGenes,NDUFB4,,HRTAtlas,PMID32663312
HousekeepingGenes,ERLEC1,,HRTAtlas,PMID32663312
HousekeepingGenes,TMEM131,,HRTAtlas,PMID32663312
HousekeepingGenes,DELE1,,HRTAtlas,PMID32663312
HousekeepingGenes,PLOD1,,HRTAtlas,PMID32663312
HousekeepingGenes,RPS5,,HRTAtlas,PMID32663312
HousekeepingGenes,RRN3,,HRTAtlas,PMID32663312
HousekeepingGenes,DIMT1,,HRTAtlas,PMID32663312
HousekeepingGenes,EIF2AK1,,HRTAtlas,PMID32663312
HousekeepingGenes,MRPL28,,HRTAtlas,PMID32663312
HousekeepingGenes,LAMP2,,HRTAtlas,PMID32663312
HousekeepingGenes,TMEM230,,HRTAtlas,PMID32663312
HousekeepingGenes,MLF2,,HRTAtlas,PMID32663312
HousekeepingGenes,PDCD7,,HRTAtlas,PMID32663312
HousekeepingGenes,GNPTG,,HRTAtlas,PMID32663312
HousekeepingGenes,DLD,,HRTAtlas,PMID32663312
HousekeepingGenes,SPAG7,,HRTAtlas,PMID32663312
HousekeepingGenes,TMEM101,,HRTAtlas,PMID32663312
HousekeepingGenes,PSME1,,HRTAtlas,PMID32663312
HousekeepingGenes,DHPS,,HRTAtlas,PMID32663312
HousekeepingGenes,PSMD5,,HRTAtlas,PMID32663312
HousekeepingGenes,TMED1,,HRTAtlas,PMID32663312
HousekeepingGenes,BCL7C,,HRTAtlas,PMID32663312
HousekeepingGenes,NDUFB7,,HRTAtlas,PMID32663312
HousekeepingGenes,TIMM13,,HRTAtlas,PMID32663312
HousekeepingGenes,CDC34,,HRTAtlas,PMID32663312
HousekeepingGenes,SNAP29,,HRTAtlas,PMID32663312
HousekeepingGenes,MIF,,HRTAtlas,PMID32663312
HousekeepingGenes,SNRPD3,,HRTAtlas,PMID32663312
HousekeepingGenes,MAPK1,,HRTAtlas,PMID32663312
HousekeepingGenes,CBY1,,HRTAtlas,PMID32663312
HousekeepingGenes,TOMM22,,HRTAtlas,PMID32663312
HousekeepingGenes,RTCB,,HRTAtlas,PMID32663312
HousekeepingGenes,JOSD1,,HRTAtlas,PMID32663312
HousekeepingGenes,GTPBP1,,HRTAtlas,PMID32663312
HousekeepingGenes,TAB1,,HRTAtlas,PMID32663312
HousekeepingGenes,MYH9,,HRTAtlas,PMID32663312
HousekeepingGenes,TXN2,,HRTAtlas,PMID32663312
HousekeepingGenes,EIF3D,,HRTAtlas,PMID32663312
HousekeepingGenes,ST13,,HRTAtlas,PMID32663312
HousekeepingGenes,RBX1,,HRTAtlas,PMID32663312
HousekeepingGenes,PHF5A,,HRTAtlas,PMID32663312
HousekeepingGenes,PMM1,,HRTAtlas,PMID32663312
HousekeepingGenes,CERK,,HRTAtlas,PMID32663312
HousekeepingGenes,PAPOLA,,HRTAtlas,PMID32663312
HousekeepingGenes,SOS2,,HRTAtlas,PMID32663312
HousekeepingGenes,PIGH,,HRTAtlas,PMID32663312
HousekeepingGenes,PSMA3,,HRTAtlas,PMID32663312
HousekeepingGenes,AHSA1,,HRTAtlas,PMID32663312
HousekeepingGenes,PABPN1,,HRTAtlas,PMID32663312
HousekeepingGenes,PSME2,,HRTAtlas,PMID32663312
HousekeepingGenes,PNN,,HRTAtlas,PMID32663312
HousekeepingGenes,GSS,,HRTAtlas,PMID32663312
HousekeepingGenes,CTSZ,,HRTAtlas,PMID32663312
HousekeepingGenes,CHMP4B,,HRTAtlas,PMID32663312
HousekeepingGenes,AHCY,,HRTAtlas,PMID32663312
HousekeepingGenes,MYL12A,,HRTAtlas,PMID32663312
HousekeepingGenes,TAF9,,HRTAtlas,PMID32663312
HousekeepingGenes,IDH3G,,HRTAtlas,PMID32663312
HousekeepingGenes,PSMD10,,HRTAtlas,PMID32663312
HousekeepingGenes,PGRMC1,,HRTAtlas,PMID32663312
HousekeepingGenes,WDR13,,HRTAtlas,PMID32663312
HousekeepingGenes,USP11,,HRTAtlas,PMID32663312
HousekeepingGenes,HTATSF1,,HRTAtlas,PMID32663312
HousekeepingGenes,C16orf70,,HRTAtlas,PMID32663312
HousekeepingGenes,ARL2BP,,HRTAtlas,PMID32663312
HousekeepingGenes,POLR2C,,HRTAtlas,PMID32663312
HousekeepingGenes,USB1,,HRTAtlas,PMID32663312
HousekeepingGenes,PSMD7,,HRTAtlas,PMID32663312
HousekeepingGenes,PLA2G15,,HRTAtlas,PMID32663312
HousekeepingGenes,STUB1,,HRTAtlas,PMID32663312
HousekeepingGenes,MAZ,,HRTAtlas,PMID32663312
HousekeepingGenes,CDIPT,,HRTAtlas,PMID32663312
HousekeepingGenes,BCKDK,,HRTAtlas,PMID32663312
HousekeepingGenes,KAT8,,HRTAtlas,PMID32663312
HousekeepingGenes,BRF2,,HRTAtlas,PMID32663312
HousekeepingGenes,EIF3E,,HRTAtlas,PMID32663312
HousekeepingGenes,EMC2,,HRTAtlas,PMID32663312
HousekeepingGenes,DCTN6,,HRTAtlas,PMID32663312
HousekeepingGenes,PPP2CB,,HRTAtlas,PMID32663312
HousekeepingGenes,KCTD9,,HRTAtlas,PMID32663312
HousekeepingGenes,PAF1,,HRTAtlas,PMID32663312
HousekeepingGenes,ECH1,,HRTAtlas,PMID32663312
HousekeepingGenes,SNRNP70,,HRTAtlas,PMID32663312
HousekeepingGenes,PPP1R37,,HRTAtlas,PMID32663312
HousekeepingGenes,SF3A2,,HRTAtlas,PMID32663312
HousekeepingGenes,AES,,HRTAtlas,PMID32663312
HousekeepingGenes,SGTA,,HRTAtlas,PMID32663312
HousekeepingGenes,FIZ1,,HRTAtlas,PMID32663312
HousekeepingGenes,FBL,,HRTAtlas,PMID32663312
HousekeepingGenes,POLR2I,,HRTAtlas,PMID32663312
HousekeepingGenes,CCDC9,,HRTAtlas,PMID32663312
HousekeepingGenes,RPS19,,HRTAtlas,PMID32663312
HousekeepingGenes,CDC37,,HRTAtlas,PMID32663312
HousekeepingGenes,RABAC1,,HRTAtlas,PMID32663312
HousekeepingGenes,WDR83OS,,HRTAtlas,PMID32663312
HousekeepingGenes,DNASE2,,HRTAtlas,PMID32663312
HousekeepingGenes,LENG1,,HRTAtlas,PMID32663312
HousekeepingGenes,RPL18A,,HRTAtlas,PMID32663312
HousekeepingGenes,TMEM147,,HRTAtlas,PMID32663312
HousekeepingGenes,USF2,,HRTAtlas,PMID32663312
HousekeepingGenes,KXD1,,HRTAtlas,PMID32663312
HousekeepingGenes,FKBP8,,HRTAtlas,PMID32663312
HousekeepingGenes,GSK3A,,HRTAtlas,PMID32663312
HousekeepingGenes,OGDH,,HRTAtlas,PMID32663312
HousekeepingGenes,H2AFV,,HRTAtlas,PMID32663312
HousekeepingGenes,BUD31,,HRTAtlas,PMID32663312
HousekeepingGenes,WASL,,HRTAtlas,PMID32663312
HousekeepingGenes,PLOD3,,HRTAtlas,PMID32663312
HousekeepingGenes,FIS1,,HRTAtlas,PMID32663312
HousekeepingGenes,PSMA2,,HRTAtlas,PMID32663312
HousekeepingGenes,MRPL32,,HRTAtlas,PMID32663312
HousekeepingGenes,YKT6,,HRTAtlas,PMID32663312
HousekeepingGenes,CHMP5,,HRTAtlas,PMID32663312
HousekeepingGenes,SEC61B,,HRTAtlas,PMID32663312
HousekeepingGenes,EDF1,,HRTAtlas,PMID32663312
HousekeepingGenes,UTP18,,HRTAtlas,PMID32663312
HousekeepingGenes,NUFIP2,,HRTAtlas,PMID32663312
HousekeepingGenes,RPL19,,HRTAtlas,PMID32663312
HousekeepingGenes,SUPT4H1,,HRTAtlas,PMID32663312
HousekeepingGenes,TAX1BP3,,HRTAtlas,PMID32663312
HousekeepingGenes,CBX1,,HRTAtlas,PMID32663312
HousekeepingGenes,PFN1,,HRTAtlas,PMID32663312
HousekeepingGenes,SLC25A11,,HRTAtlas,PMID32663312
HousekeepingGenes,CCDC47,,HRTAtlas,PMID32663312
HousekeepingGenes,AKAP10,,HRTAtlas,PMID32663312
HousekeepingGenes,LRRC59,,HRTAtlas,PMID32663312
HousekeepingGenes,TNFAIP1,,HRTAtlas,PMID32663312
HousekeepingGenes,FRG1,,HRTAtlas,PMID32663312
HousekeepingGenes,PRPF19,,HRTAtlas,PMID32663312
HousekeepingGenes,RPS13,,HRTAtlas,PMID32663312
HousekeepingGenes,SART3,,HRTAtlas,PMID32663312
HousekeepingGenes,PRDM4,,HRTAtlas,PMID32663312
HousekeepingGenes,KCTD10,,HRTAtlas,PMID32663312
HousekeepingGenes,MLEC,,HRTAtlas,PMID32663312
HousekeepingGenes,CSRNP2,,HRTAtlas,PMID32663312
HousekeepingGenes,ARPC3,,HRTAtlas,PMID32663312
HousekeepingGenes,GPN3,,HRTAtlas,PMID32663312
HousekeepingGenes,CDKN1B,,HRTAtlas,PMID32663312
HousekeepingGenes,MRPL51,,HRTAtlas,PMID32663312
HousekeepingGenes,GAPDH,,HRTAtlas,PMID32663312
HousekeepingGenes,C12orf57,,HRTAtlas,PMID32663312
HousekeepingGenes,CMAS,,HRTAtlas,PMID32663312
HousekeepingGenes,RAB35,,HRTAtlas,PMID32663312
HousekeepingGenes,COX6A1,,HRTAtlas,PMID32663312
HousekeepingGenes,SRSF9,,HRTAtlas,PMID32663312
HousekeepingGenes,TMEM14C,,HRTAtlas,PMID32663312
HousekeepingGenes,HINT3,,HRTAtlas,PMID32663312
HousekeepingGenes,STK38,,HRTAtlas,PMID32663312
HousekeepingGenes,MCM3,,HRTAtlas,PMID32663312
HousekeepingGenes,RPS12,,HRTAtlas,PMID32663312
HousekeepingGenes,SNX3,,HRTAtlas,PMID32663312
HousekeepingGenes,DNPH1,,HRTAtlas,PMID32663312
HousekeepingGenes,EXOC2,,HRTAtlas,PMID32663312
HousekeepingGenes,TMEM30A,,HRTAtlas,PMID32663312
HousekeepingGenes,MTREX,,HRTAtlas,PMID32663312
HousekeepingGenes,TENT4A,,HRTAtlas,PMID32663312
HousekeepingGenes,DAP,,HRTAtlas,PMID32663312
HousekeepingGenes,TTC1,,HRTAtlas,PMID32663312
HousekeepingGenes,C5orf15,,HRTAtlas,PMID32663312
HousekeepingGenes,FAM162A,,HRTAtlas,PMID32663312
HousekeepingGenes,TUSC2,,HRTAtlas,PMID32663312
HousekeepingGenes,RRP9,,HRTAtlas,PMID32663312
HousekeepingGenes,EIF1B,,HRTAtlas,PMID32663312
HousekeepingGenes,WDFY1,,HRTAtlas,PMID32663312
HousekeepingGenes,DDX1,,HRTAtlas,PMID32663312
HousekeepingGenes,TMSB10,,HRTAtlas,PMID32663312
HousekeepingGenes,INO80B,,HRTAtlas,PMID32663312
HousekeepingGenes,SF3B6,,HRTAtlas,PMID32663312
HousekeepingGenes,NRBP1,,HRTAtlas,PMID32663312
HousekeepingGenes,SNX17,,HRTAtlas,PMID32663312
HousekeepingGenes,RPS15,,HRTAtlas,PMID32663312
HousekeepingGenes,HSPE1,,HRTAtlas,PMID32663312
HousekeepingGenes,GORASP2,,HRTAtlas,PMID32663312
HousekeepingGenes,CEBPZ,,HRTAtlas,PMID32663312
HousekeepingGenes,COX7A2L,,HRTAtlas,PMID32663312
HousekeepingGenes,ENO1,,HRTAtlas,PMID32663312
HousekeepingGenes,SARS,,HRTAtlas,PMID32663312
HousekeepingGenes,TMEM59,,HRTAtlas,PMID32663312
HousekeepingGenes,RPL22,,HRTAtlas,PMID32663312
HousekeepingGenes,MFN2,,HRTAtlas,PMID32663312
HousekeepingGenes,MIIP,,HRTAtlas,PMID32663312
HousekeepingGenes,AKR7A2,,HRTAtlas,PMID32663312
HousekeepingGenes,EBNA1BP2,,HRTAtlas,PMID32663312
HousekeepingGenes,ATP6V0B,,HRTAtlas,PMID32663312
HousekeepingGenes,SYF2,,HRTAtlas,PMID32663312
HousekeepingGenes,CTSD,,HRTAtlas,PMID32663312
HousekeepingGenes,EEF1B2,,HRTAtlas,PMID32663312
HousekeepingGenes,MED28,,HRTAtlas,PMID32663312
HousekeepingGenes,MYL12B,,HRTAtlas,PMID32663312
HousekeepingGenes,RPN2,,HRTAtlas,PMID32663312
HousekeepingGenes,CCNI,,HRTAtlas,PMID32663312
HousekeepingGenes,NDUFB3,,HRTAtlas,PMID32663312
HousekeepingGenes,YWHAQ,,HRTAtlas,PMID32663312
HousekeepingGenes,NPC2,,HRTAtlas,PMID32663312
HousekeepingGenes,IRF2BPL,,HRTAtlas,PMID32663312
HousekeepingGenes,FAM98A,,HRTAtlas,PMID32663312
HousekeepingGenes,PANK3,,HRTAtlas,PMID32663312
HousekeepingGenes,PDZD11,,HRTAtlas,PMID32663312
HousekeepingGenes,UFM1,,HRTAtlas,PMID32663312
HousekeepingGenes,FAM53C,,HRTAtlas,PMID32663312
HousekeepingGenes,SERP1,,HRTAtlas,PMID32663312
HousekeepingGenes,NFYB,,HRTAtlas,PMID32663312
HousekeepingGenes,WASHC3,,HRTAtlas,PMID32663312
HousekeepingGenes,TARDBP,,HRTAtlas,PMID32663312
HousekeepingGenes,LUC7L3,,HRTAtlas,PMID32663312
HousekeepingGenes,TFG,,HRTAtlas,PMID32663312
HousekeepingGenes,MRPS2,,HRTAtlas,PMID32663312
HousekeepingGenes,COPA,,HRTAtlas,PMID32663312
HousekeepingGenes,DYNLL1,,HRTAtlas,PMID32663312
HousekeepingGenes,RNF11,,HRTAtlas,PMID32663312
HousekeepingGenes,DDX39A,,HRTAtlas,PMID32663312
HousekeepingGenes,TRIR,,HRTAtlas,PMID32663312
HousekeepingGenes,RAB9A,,HRTAtlas,PMID32663312
HousekeepingGenes,SNRPA,,HRTAtlas,PMID32663312
HousekeepingGenes,SYS1,,HRTAtlas,PMID32663312
HousekeepingGenes,ATP5F1E,,HRTAtlas,PMID32663312
HousekeepingGenes,PLCG1,,HRTAtlas,PMID32663312
HousekeepingGenes,SRSF6,,HRTAtlas,PMID32663312
HousekeepingGenes,RNF114,,HRTAtlas,PMID32663312
HousekeepingGenes,MPHOSPH10,,HRTAtlas,PMID32663312
HousekeepingGenes,RRP36,,HRTAtlas,PMID32663312
HousekeepingGenes,SNRPC,,HRTAtlas,PMID32663312
HousekeepingGenes,MEA1,,HRTAtlas,PMID32663312
HousekeepingGenes,EMC3,,HRTAtlas,PMID32663312
HousekeepingGenes,RPS29,,HRTAtlas,PMID32663312
HousekeepingGenes,MRPS7,,HRTAtlas,PMID32663312
HousekeepingGenes,ALKBH7,,HRTAtlas,PMID32663312
HousekeepingGenes,CLPP,,HRTAtlas,PMID32663312
HousekeepingGenes,RPL23,,HRTAtlas,PMID32663312
HousekeepingGenes,TMX4,,HRTAtlas,PMID32663312
HousekeepingGenes,NCLN,,HRTAtlas,PMID32663312
HousekeepingGenes,PITHD1,,HRTAtlas,PMID32663312
HousekeepingGenes,RALY,,HRTAtlas,PMID32663312
HousekeepingGenes,UROD,,HRTAtlas,PMID32663312
HousekeepingGenes,UBA2,,HRTAtlas,PMID32663312
HousekeepingGenes,COX6B1,,HRTAtlas,PMID32663312
HousekeepingGenes,ARL2,,HRTAtlas,PMID32663312
HousekeepingGenes,NOP53,,HRTAtlas,PMID32663312
HousekeepingGenes,SBDS,,HRTAtlas,PMID32663312
HousekeepingGenes,DDX49,,HRTAtlas,PMID32663312
HousekeepingGenes,NSRP1,,HRTAtlas,PMID32663312
HousekeepingGenes,ELK1,,HRTAtlas,PMID32663312
HousekeepingGenes,COX7C,,HRTAtlas,PMID32663312
HousekeepingGenes,NDUFB2,,HRTAtlas,PMID32663312
HousekeepingGenes,ZNF777,,HRTAtlas,PMID32663312
HousekeepingGenes,PIN1,,HRTAtlas,PMID32663312
HousekeepingGenes,EIF3K,,HRTAtlas,PMID32663312
HousekeepingGenes,EMC6,,HRTAtlas,PMID32663312
HousekeepingGenes,AAMP,,HRTAtlas,PMID32663312
HousekeepingGenes,PNKD,,HRTAtlas,PMID32663312
HousekeepingGenes,SEM1,,HRTAtlas,PMID32663312
HousekeepingGenes,PTPN12,,HRTAtlas,PMID32663312
HousekeepingGenes,DGCR6L,,HRTAtlas,PMID32663312
HousekeepingGenes,SGSM3,,HRTAtlas,PMID32663312
HousekeepingGenes,EMC4,,HRTAtlas,PMID32663312
HousekeepingGenes,ATP6V1F,,HRTAtlas,PMID32663312
HousekeepingGenes,DNAJB9,,HRTAtlas,PMID32663312
HousekeepingGenes,MTX2,,HRTAtlas,PMID32663312
HousekeepingGenes,SERF2,,HRTAtlas,PMID32663312
HousekeepingGenes,FXR2,,HRTAtlas,PMID32663312
HousekeepingGenes,BCL2L2,,HRTAtlas,PMID32663312
HousekeepingGenes,EAPP,,HRTAtlas,PMID32663312
HousekeepingGenes,PIP4P1,,HRTAtlas,PMID32663312
HousekeepingGenes,NEDD8,,HRTAtlas,PMID32663312
HousekeepingGenes,DAD1,,HRTAtlas,PMID32663312
HousekeepingGenes,MAPK8IP3,,HRTAtlas,PMID32663312
HousekeepingGenes,LMAN1,,HRTAtlas,PMID32663312
HousekeepingGenes,DHX40,,HRTAtlas,PMID32663312
HousekeepingGenes,KHNYN,,HRTAtlas,PMID32663312
HousekeepingGenes,TUBG1,,HRTAtlas,PMID32663312
HousekeepingGenes,RPS16,,HRTAtlas,PMID32663312
HousekeepingGenes,ESYT2,,HRTAtlas,PMID32663312
HousekeepingGenes,DHX29,,HRTAtlas,PMID32663312
HousekeepingGenes,RAF1,,HRTAtlas,PMID32663312
HousekeepingGenes,TRPC4AP,,HRTAtlas,PMID32663312
HousekeepingGenes,NDUFA2,,HRTAtlas,PMID32663312
HousekeepingGenes,ELOF1,,HRTAtlas,PMID32663312
HousekeepingGenes,SAFB2,,HRTAtlas,PMID32663312
HousekeepingGenes,MRPL34,,HRTAtlas,PMID32663312
HousekeepingGenes,PGLS,,HRTAtlas,PMID32663312
HousekeepingGenes,ACTN4,,HRTAtlas,PMID32663312
HousekeepingGenes,LSM4,,HRTAtlas,PMID32663312
HousekeepingGenes,ADRM1,,HRTAtlas,PMID32663312
HousekeepingGenes,UBE2M,,HRTAtlas,PMID32663312
HousekeepingGenes,TRIM28,,HRTAtlas,PMID32663312
HousekeepingGenes,EIF2S3,,HRTAtlas,PMID32663312
HousekeepingGenes,EIF3G,,HRTAtlas,PMID32663312
HousekeepingGenes,PPIL4,,HRTAtlas,PMID32663312
HousekeepingGenes,ATP6V1E1,,HRTAtlas,PMID32663312
HousekeepingGenes,COX4I1,,HRTAtlas,PMID32663312
HousekeepingGenes,EMC8,,HRTAtlas,PMID32663312
HousekeepingGenes,MRPS25,,HRTAtlas,PMID32663312
HousekeepingGenes,RBSN,,HRTAtlas,PMID32663312
HousekeepingGenes,NR1H2,,HRTAtlas,PMID32663312
HousekeepingGenes,RPL27,,HRTAtlas,PMID32663312
HousekeepingGenes,VPS25,,HRTAtlas,PMID32663312
HousekeepingGenes,DCAF15,,HRTAtlas,PMID32663312
HousekeepingGenes,SMARCC1,,HRTAtlas,PMID32663312
HousekeepingGenes,TIMM10B,,HRTAtlas,PMID32663312
HousekeepingGenes,ILKAP,,HRTAtlas,PMID32663312
HousekeepingGenes,RPA1,,HRTAtlas,PMID32663312
HousekeepingGenes,EEFSEC,,HRTAtlas,PMID32663312
HousekeepingGenes,UTP3,,HRTAtlas,PMID32663312
HousekeepingGenes,WBP2,,HRTAtlas,PMID32663312
HousekeepingGenes,H3F3B,,HRTAtlas,PMID32663312
HousekeepingGenes,ZRANB2,,HRTAtlas,PMID32663312
HousekeepingGenes,ERAL1,,HRTAtlas,PMID32663312
HousekeepingGenes,OSER1,,HRTAtlas,PMID32663312
HousekeepingGenes,USPL1,,HRTAtlas,PMID32663312
HousekeepingGenes,BTBD2,,HRTAtlas,PMID32663312
HousekeepingGenes,CSNK1G2,,HRTAtlas,PMID32663312
HousekeepingGenes,MED10,,HRTAtlas,PMID32663312
HousekeepingGenes,MKRN1,,HRTAtlas,PMID32663312
HousekeepingGenes,BTG1,,HRTAtlas,PMID32663312
HousekeepingGenes,IPO8,,HRTAtlas,PMID32663312
HousekeepingGenes,SARAF,,HRTAtlas,PMID32663312
HousekeepingGenes,EIF2S1,,HRTAtlas,PMID32663312
HousekeepingGenes,MBD2,,HRTAtlas,PMID32663312
HousekeepingGenes,IER3IP1,,HRTAtlas,PMID32663312
HousekeepingGenes,MRPS36,,HRTAtlas,PMID32663312
HousekeepingGenes,ARL8B,,HRTAtlas,PMID32663312
HousekeepingGenes,EMC7,,HRTAtlas,PMID32663312
HousekeepingGenes,ARF3,,HRTAtlas,PMID32663312
HousekeepingGenes,SLC38A2,,HRTAtlas,PMID32663312
HousekeepingGenes,NARS,,HRTAtlas,PMID32663312
HousekeepingGenes,RTL8C,,HRTAtlas,PMID32663312
HousekeepingGenes,PRPF38A,,HRTAtlas,PMID32663312
HousekeepingGenes,TIMM10,,HRTAtlas,PMID32663312
HousekeepingGenes,TMEM60,,HRTAtlas,PMID32663312
HousekeepingGenes,AKIRIN2,,HRTAtlas,PMID32663312
HousekeepingGenes,NAT10,,HRTAtlas,PMID32663312
HousekeepingGenes,CD63,,HRTAtlas,PMID32663312
HousekeepingGenes,CDK4,,HRTAtlas,PMID32663312
HousekeepingGenes,OS9,,HRTAtlas,PMID32663312
HousekeepingGenes,PRADC1,,HRTAtlas,PMID32663312
HousekeepingGenes,MRPL53,,HRTAtlas,PMID32663312
HousekeepingGenes,DYNC1LI2,,HRTAtlas,PMID32663312
HousekeepingGenes,MRPL44,,HRTAtlas,PMID32663312
HousekeepingGenes,CAB39,,HRTAtlas,PMID32663312
HousekeepingGenes,COX5B,,HRTAtlas,PMID32663312
HousekeepingGenes,TMEM127,,HRTAtlas,PMID32663312
HousekeepingGenes,MRPS9,,HRTAtlas,PMID32663312
HousekeepingGenes,MED4,,HRTAtlas,PMID32663312
HousekeepingGenes,NUDT15,,HRTAtlas,PMID32663312
HousekeepingGenes,KDELR2,,HRTAtlas,PMID32663312
HousekeepingGenes,CALCOCO2,,HRTAtlas,PMID32663312
HousekeepingGenes,RSAD1,,HRTAtlas,PMID32663312
HousekeepingGenes,NMT1,,HRTAtlas,PMID32663312
HousekeepingGenes,VEZF1,,HRTAtlas,PMID32663312
HousekeepingGenes,7-Mar,,HRTAtlas,PMID32663312
HousekeepingGenes,TOR1B,,HRTAtlas,PMID32663312
HousekeepingGenes,PSMB7,,HRTAtlas,PMID32663312
HousekeepingGenes,DERL1,,HRTAtlas,PMID32663312
HousekeepingGenes,DCTN3,,HRTAtlas,PMID32663312
HousekeepingGenes,HINT2,,HRTAtlas,PMID32663312
HousekeepingGenes,FAM8A1,,HRTAtlas,PMID32663312
HousekeepingGenes,THAP12,,HRTAtlas,PMID32663312
HousekeepingGenes,MRPL15,,HRTAtlas,PMID32663312
HousekeepingGenes,SDCBP,,HRTAtlas,PMID32663312
HousekeepingGenes,BUD13,,HRTAtlas,PMID32663312
HousekeepingGenes,FDX1,,HRTAtlas,PMID32663312
HousekeepingGenes,RPLP1,,HRTAtlas,PMID32663312
HousekeepingGenes,RSL24D1,,HRTAtlas,PMID32663312
HousekeepingGenes,ACTR2,,HRTAtlas,PMID32663312
HousekeepingGenes,PREB,,HRTAtlas,PMID32663312
HousekeepingGenes,LRPPRC,,HRTAtlas,PMID32663312
HousekeepingGenes,DNAJC13,,HRTAtlas,PMID32663312
HousekeepingGenes,ASNSD1,,HRTAtlas,PMID32663312
HousekeepingGenes,SSB,,HRTAtlas,PMID32663312
HousekeepingGenes,COX17,,HRTAtlas,PMID32663312
HousekeepingGenes,WBP11,,HRTAtlas,PMID32663312
HousekeepingGenes,NAP1L1,,HRTAtlas,PMID32663312
HousekeepingGenes,PSMC1,,HRTAtlas,PMID32663312
HousekeepingGenes,PEBP1,,HRTAtlas,PMID32663312
HousekeepingGenes,YPEL5,,HRTAtlas,PMID32663312
HousekeepingGenes,NUP133,,HRTAtlas,PMID32663312
HousekeepingGenes,UBE2K,,HRTAtlas,PMID32663312
HousekeepingGenes,PPP2R5A,,HRTAtlas,PMID32663312
HousekeepingGenes,PSMA6,,HRTAtlas,PMID32663312
HousekeepingGenes,USP22,,HRTAtlas,PMID32663312
HousekeepingGenes,IPO5,,HRTAtlas,PMID32663312
HousekeepingGenes,USP14,,HRTAtlas,PMID32663312
HousekeepingGenes,ARL1,,HRTAtlas,PMID32663312
HousekeepingGenes,BFAR,,HRTAtlas,PMID32663312
HousekeepingGenes,KPNA3,,HRTAtlas,PMID32663312
HousekeepingGenes,SFSWAP,,HRTAtlas,PMID32663312
HousekeepingGenes,CDK2AP1,,HRTAtlas,PMID32663312
HousekeepingGenes,RTRAF,,HRTAtlas,PMID32663312
HousekeepingGenes,PSMD11,,HRTAtlas,PMID32663312
HousekeepingGenes,TAOK1,,HRTAtlas,PMID32663312
HousekeepingGenes,BTBD1,,HRTAtlas,PMID32663312
HousekeepingGenes,ERP29,,HRTAtlas,PMID32663312
HousekeepingGenes,AARS,,HRTAtlas,PMID32663312
HousekeepingGenes,NDST1,,HRTAtlas,PMID32663312
HousekeepingGenes,CSNK1A1,,HRTAtlas,PMID32663312
HousekeepingGenes,PFDN1,,HRTAtlas,PMID32663312
HousekeepingGenes,SPG11,,HRTAtlas,PMID32663312
HousekeepingGenes,EIF3J,,HRTAtlas,PMID32663312
HousekeepingGenes,TRIP4,,HRTAtlas,PMID32663312
HousekeepingGenes,RAB11A,,HRTAtlas,PMID32663312
HousekeepingGenes,FAF2,,HRTAtlas,PMID32663312
HousekeepingGenes,RBM25,,HRTAtlas,PMID32663312
HousekeepingGenes,SPAG9,,HRTAtlas,PMID32663312
HousekeepingGenes,PTGES3,,HRTAtlas,PMID32663312
HousekeepingGenes,EIF4B,,HRTAtlas,PMID32663312
HousekeepingGenes,COPZ1,,HRTAtlas,PMID32663312
HousekeepingGenes,NUP153,,HRTAtlas,PMID32663312
HousekeepingGenes,WDR59,,HRTAtlas,PMID32663312
HousekeepingGenes,DNAJB6,,HRTAtlas,PMID32663312
HousekeepingGenes,RHEB,,HRTAtlas,PMID32663312
HousekeepingGenes,PSMB1,,HRTAtlas,PMID32663312
HousekeepingGenes,TRAM1,,HRTAtlas,PMID32663312
HousekeepingGenes,TMED2,,HRTAtlas,PMID32663312
HousekeepingGenes,YY1,,HRTAtlas,PMID32663312
HousekeepingGenes,ELOB,,HRTAtlas,PMID32663312
HousekeepingGenes,TELO2,,HRTAtlas,PMID32663312
HousekeepingGenes,CREBBP,,HRTAtlas,PMID32663312
HousekeepingGenes,MGRN1,,HRTAtlas,PMID32663312
HousekeepingGenes,N4BP1,,HRTAtlas,PMID32663312
HousekeepingGenes,WSB1,,HRTAtlas,PMID32663312
HousekeepingGenes,ERP44,,HRTAtlas,PMID32663312
HousekeepingGenes,RNF167,,HRTAtlas,PMID32663312
HousekeepingGenes,CSNK2A2,,HRTAtlas,PMID32663312
HousekeepingGenes,SETD1A,,HRTAtlas,PMID32663312
HousekeepingGenes,ZC3H3,,HRTAtlas,PMID32663312
HousekeepingGenes,RPL8,,HRTAtlas,PMID32663312
HousekeepingGenes,RBM42,,HRTAtlas,PMID32663312
HousekeepingGenes,IMPAD1,,HRTAtlas,PMID32663312
HousekeepingGenes,RAB2A,,HRTAtlas,PMID32663312
HousekeepingGenes,ELL,,HRTAtlas,PMID32663312
HousekeepingGenes,COPE,,HRTAtlas,PMID32663312
HousekeepingGenes,MAU2,,HRTAtlas,PMID32663312
HousekeepingGenes,ATRN,,HRTAtlas,PMID32663312
HousekeepingGenes,ARPC1A,,HRTAtlas,PMID32663312
HousekeepingGenes,MYDGF,,HRTAtlas,PMID32663312
HousekeepingGenes,MAP2K2,,HRTAtlas,PMID32663312
HousekeepingGenes,YJU2,,HRTAtlas,PMID32663312
HousekeepingGenes,PIAS4,,HRTAtlas,PMID32663312
HousekeepingGenes,ZNF330,,HRTAtlas,PMID32663312
HousekeepingGenes,MAPK3,,HRTAtlas,PMID32663312
HousekeepingGenes,SMARCB1,,HRTAtlas,PMID32663312
HousekeepingGenes,CAPZA1,,HRTAtlas,PMID32663312
HousekeepingGenes,UBE2R2,,HRTAtlas,PMID32663312
HousekeepingGenes,ACTR3,,HRTAtlas,PMID32663312
HousekeepingGenes,DDX18,,HRTAtlas,PMID32663312
HousekeepingGenes,ARFGAP3,,HRTAtlas,PMID32663312
HousekeepingGenes,PACSIN2,,HRTAtlas,PMID32663312
HousekeepingGenes,DESI1,,HRTAtlas,PMID32663312
HousekeepingGenes,AP2S1,,HRTAtlas,PMID32663312
HousekeepingGenes,STRN4,,HRTAtlas,PMID32663312
HousekeepingGenes,CLNS1A,,HRTAtlas,PMID32663312
HousekeepingGenes,TCF25,,HRTAtlas,PMID32663312
HousekeepingGenes,NAPA,,HRTAtlas,PMID32663312
HousekeepingGenes,BRD4,,HRTAtlas,PMID32663312
HousekeepingGenes,FAM32A,,HRTAtlas,PMID32663312
HousekeepingGenes,PPP1R12C,,HRTAtlas,PMID32663312
HousekeepingGenes,VPS26A,,HRTAtlas,PMID32663312
HousekeepingGenes,CD81,,HRTAtlas,PMID32663312
HousekeepingGenes,PNO1,,HRTAtlas,PMID32663312
HousekeepingGenes,SPCS2,,HRTAtlas,PMID32663312
HousekeepingGenes,DNAJC8,,HRTAtlas,PMID32663312
HousekeepingGenes,FAM20B,,HRTAtlas,PMID32663312
HousekeepingGenes,FNBP4,,HRTAtlas,PMID32663312
HousekeepingGenes,NDUFS3,,HRTAtlas,PMID32663312
HousekeepingGenes,CHMP2B,,HRTAtlas,PMID32663312
HousekeepingGenes,OSBP,,HRTAtlas,PMID32663312
HousekeepingGenes,CHMP3,,HRTAtlas,PMID32663312
HousekeepingGenes,USE1,,HRTAtlas,PMID32663312
HousekeepingGenes,GTF3C3,,HRTAtlas,PMID32663312
HousekeepingGenes,COQ10B,,HRTAtlas,PMID32663312
HousekeepingGenes,ARCN1,,HRTAtlas,PMID32663312
HousekeepingGenes,HAT1,,HRTAtlas,PMID32663312
HousekeepingGenes,RAB3GAP1,,HRTAtlas,PMID32663312
HousekeepingGenes,DARS,,HRTAtlas,PMID32663312
HousekeepingGenes,MUL1,,HRTAtlas,PMID32663312
HousekeepingGenes,TXNDC9,,HRTAtlas,PMID32663312
HousekeepingGenes,RPL31,,HRTAtlas,PMID32663312
HousekeepingGenes,NOP58,,HRTAtlas,PMID32663312
HousekeepingGenes,YWHAE,,HRTAtlas,PMID32663312
HousekeepingGenes,COPS4,,HRTAtlas,PMID32663312
HousekeepingGenes,RAPGEF2,,HRTAtlas,PMID32663312
HousekeepingGenes,SLC30A9,,HRTAtlas,PMID32663312
HousekeepingGenes,PHRF1,,HRTAtlas,PMID32663312
HousekeepingGenes,PSMD3,,HRTAtlas,PMID32663312
HousekeepingGenes,CASC3,,HRTAtlas,PMID32663312
HousekeepingGenes,STAT3,,HRTAtlas,PMID32663312
HousekeepingGenes,PDCD6,,HRTAtlas,PMID32663312
HousekeepingGenes,GRPEL1,,HRTAtlas,PMID32663312
HousekeepingGenes,LMAN2L,,HRTAtlas,PMID32663312
HousekeepingGenes,CDV3,,HRTAtlas,PMID32663312
HousekeepingGenes,MRPL3,,HRTAtlas,PMID32663312
HousekeepingGenes,DNAJB11,,HRTAtlas,PMID32663312
HousekeepingGenes,SSR3,,HRTAtlas,PMID32663312
HousekeepingGenes,RAB7A,,HRTAtlas,PMID32663312
HousekeepingGenes,GOLPH3,,HRTAtlas,PMID32663312
HousekeepingGenes,SUB1,,HRTAtlas,PMID32663312
HousekeepingGenes,ATP6V0E1,,HRTAtlas,PMID32663312
HousekeepingGenes,SEC24B,,HRTAtlas,PMID32663312
HousekeepingGenes,PAIP2,,HRTAtlas,PMID32663312
HousekeepingGenes,LSG1,,HRTAtlas,PMID32663312
HousekeepingGenes,UBE2B,,HRTAtlas,PMID32663312
HousekeepingGenes,AFF4,,HRTAtlas,PMID32663312
HousekeepingGenes,TAX1BP1,,HRTAtlas,PMID32663312
HousekeepingGenes,PRDX5,,HRTAtlas,PMID32663312
HousekeepingGenes,PRKAR2A,,HRTAtlas,PMID32663312
HousekeepingGenes,BUD23,,HRTAtlas,PMID32663312
HousekeepingGenes,GET4,,HRTAtlas,PMID32663312
HousekeepingGenes,HNRNPH3,,HRTAtlas,PMID32663312
HousekeepingGenes,SNX19,,HRTAtlas,PMID32663312
HousekeepingGenes,TMEM115,,HRTAtlas,PMID32663312
HousekeepingGenes,GNAI2,,HRTAtlas,PMID32663312
HousekeepingGenes,GID8,,HRTAtlas,PMID32663312
HousekeepingGenes,PRPF6,,HRTAtlas,PMID32663312
HousekeepingGenes,ZCRB1,,HRTAtlas,PMID32663312
HousekeepingGenes,SNRPF,,HRTAtlas,PMID32663312
HousekeepingGenes,C12orf10,,HRTAtlas,PMID32663312
HousekeepingGenes,TMBIM6,,HRTAtlas,PMID32663312
HousekeepingGenes,ANKRD52,,HRTAtlas,PMID32663312
HousekeepingGenes,SETD1B,,HRTAtlas,PMID32663312
HousekeepingGenes,VPS37B,,HRTAtlas,PMID32663312
HousekeepingGenes,ANKRD10,,HRTAtlas,PMID32663312
HousekeepingGenes,NOP9,,HRTAtlas,PMID32663312
HousekeepingGenes,EMC4,,HRTAtlas,PMID32663312
HousekeepingGenes,MFAP1,,HRTAtlas,PMID32663312
HousekeepingGenes,SRP14,,HRTAtlas,PMID32663312
HousekeepingGenes,FURIN,,HRTAtlas,PMID32663312
HousekeepingGenes,SEC11A,,HRTAtlas,PMID32663312
HousekeepingGenes,DHX38,,HRTAtlas,PMID32663312
HousekeepingGenes,MAP1LC3B,,HRTAtlas,PMID32663312
HousekeepingGenes,NDUFB10,,HRTAtlas,PMID32663312
HousekeepingGenes,SPG7,,HRTAtlas,PMID32663312
HousekeepingGenes,MED9,,HRTAtlas,PMID32663312
HousekeepingGenes,NOB1,,HRTAtlas,PMID32663312
HousekeepingGenes,G6PC3,,HRTAtlas,PMID32663312
HousekeepingGenes,AFG3L2,,HRTAtlas,PMID32663312
HousekeepingGenes,SLC39A6,,HRTAtlas,PMID32663312
HousekeepingGenes,GALNT1,,HRTAtlas,PMID32663312
HousekeepingGenes,ARHGDIA,,HRTAtlas,PMID32663312
HousekeepingGenes,EIF4A3,,HRTAtlas,PMID32663312
HousekeepingGenes,FN3KRP,,HRTAtlas,PMID32663312
HousekeepingGenes,SH3GL1,,HRTAtlas,PMID32663312
HousekeepingGenes,CCDC97,,HRTAtlas,PMID32663312
HousekeepingGenes,SOD1,,HRTAtlas,PMID32663312
HousekeepingGenes,SCYL1,,HRTAtlas,PMID32663312
HousekeepingGenes,EPN1,,HRTAtlas,PMID32663312
HousekeepingGenes,ECSIT,,HRTAtlas,PMID32663312
HousekeepingGenes,PSMB6,,HRTAtlas,PMID32663312
HousekeepingGenes,RPS11,,HRTAtlas,PMID32663312
HousekeepingGenes,MPC2,,HRTAtlas,PMID32663312
HousekeepingGenes,PRCC,,HRTAtlas,PMID32663312
HousekeepingGenes,SF3B4,,HRTAtlas,PMID32663312
HousekeepingGenes,ENSA,,HRTAtlas,PMID32663312
HousekeepingGenes,EIF2D,,HRTAtlas,PMID32663312
HousekeepingGenes,JTB,,HRTAtlas,PMID32663312
HousekeepingGenes,ACP1,,HRTAtlas,PMID32663312
HousekeepingGenes,ACP1,,HRTAtlas,PMID32663312
HousekeepingGenes,ARF1,,HRTAtlas,PMID32663312
HousekeepingGenes,ARL8A,,HRTAtlas,PMID32663312
HousekeepingGenes,PDIA6,,HRTAtlas,PMID32663312
HousekeepingGenes,RPL21,,HRTAtlas,PMID32663312
HousekeepingGenes,RPS27A,,HRTAtlas,PMID32663312
HousekeepingGenes,SNRPG,,HRTAtlas,PMID32663312
HousekeepingGenes,MRPS5,,HRTAtlas,PMID32663312
HousekeepingGenes,TEX261,,HRTAtlas,PMID32663312
HousekeepingGenes,DUSP11,,HRTAtlas,PMID32663312
HousekeepingGenes,UBE2F,,HRTAtlas,PMID32663312
HousekeepingGenes,RAB5A,,HRTAtlas,PMID32663312
HousekeepingGenes,CTDSP1,,HRTAtlas,PMID32663312
HousekeepingGenes,DYNC1LI1,,HRTAtlas,PMID32663312
HousekeepingGenes,SEC22C,,HRTAtlas,PMID32663312
HousekeepingGenes,SLC25A38,,HRTAtlas,PMID32663312
HousekeepingGenes,IQSEC1,,HRTAtlas,PMID32663312
HousekeepingGenes,RPL32,,HRTAtlas,PMID32663312
HousekeepingGenes,ARL6IP5,,HRTAtlas,PMID32663312
HousekeepingGenes,RNF7,,HRTAtlas,PMID32663312
HousekeepingGenes,TCTA,,HRTAtlas,PMID32663312
HousekeepingGenes,PYURF,,HRTAtlas,PMID32663312
HousekeepingGenes,RPS3A,,HRTAtlas,PMID32663312
HousekeepingGenes,NDUFS6,,HRTAtlas,PMID32663312
HousekeepingGenes,RPL37,,HRTAtlas,PMID32663312
HousekeepingGenes,NHP2,,HRTAtlas,PMID32663312
HousekeepingGenes,ZMAT2,,HRTAtlas,PMID32663312
HousekeepingGenes,HIGD2A,,HRTAtlas,PMID32663312
HousekeepingGenes,RNF44,,HRTAtlas,PMID32663312
HousekeepingGenes,MUT,,HRTAtlas,PMID32663312
HousekeepingGenes,HMGN3,,HRTAtlas,PMID32663312
HousekeepingGenes,CCT6A,,HRTAtlas,PMID32663312
HousekeepingGenes,GIGYF1,,HRTAtlas,PMID32663312
HousekeepingGenes,NDUFB11,,HRTAtlas,PMID32663312
HousekeepingGenes,NONO,,HRTAtlas,PMID32663312
HousekeepingGenes,ATP6V1B2,,HRTAtlas,PMID32663312
HousekeepingGenes,ARMC1,,HRTAtlas,PMID32663312
HousekeepingGenes,MRPS28,,HRTAtlas,PMID32663312
HousekeepingGenes,EIF3H,,HRTAtlas,PMID32663312
HousekeepingGenes,NDUFB9,,HRTAtlas,PMID32663312
HousekeepingGenes,BCCIP,,HRTAtlas,PMID32663312
HousekeepingGenes,HSD17B12,,HRTAtlas,PMID32663312
HousekeepingGenes,SSRP1,,HRTAtlas,PMID32663312
HousekeepingGenes,TMX2,,HRTAtlas,PMID32663312
HousekeepingGenes,AASDHPPT,,HRTAtlas,PMID32663312
HousekeepingGenes,LAMTOR1,,HRTAtlas,PMID32663312
HousekeepingGenes,LSM14B,,HRTAtlas,PMID32663312
HousekeepingGenes,AIP,,HRTAtlas,PMID32663312
HousekeepingGenes,MRPL49,,HRTAtlas,PMID32663312
HousekeepingGenes,FAU,,HRTAtlas,PMID32663312
HousekeepingGenes,VPS51,,HRTAtlas,PMID32663312
HousekeepingGenes,TAOK2,,HRTAtlas,PMID32663312
HousekeepingGenes,DENR,,HRTAtlas,PMID32663312
HousekeepingGenes,FAM177A1,,HRTAtlas,PMID32663312
HousekeepingGenes,NDUFC2,,HRTAtlas,PMID32663312
HousekeepingGenes,CDC123,,HRTAtlas,PMID32663312
HousekeepingGenes,VPS26B,,HRTAtlas,PMID32663312
HousekeepingGenes,MZT2B,,HRTAtlas,PMID32663312
HousekeepingGenes,ARL14EP,,HRTAtlas,PMID32663312
HousekeepingGenes,USP12,,HRTAtlas,PMID32663312
HousekeepingGenes,MED21,,HRTAtlas,PMID32663312
HousekeepingGenes,SRP19,,HRTAtlas,PMID32663312
HousekeepingGenes,NUBP1,,HRTAtlas,PMID32663312
HousekeepingGenes,SMARCA5,,HRTAtlas,PMID32663312
HousekeepingGenes,HNRNPU,,HRTAtlas,PMID32663312
HousekeepingGenes,RANBP2,,HRTAtlas,PMID32663312
HousekeepingGenes,ATG3,,HRTAtlas,PMID32663312
HousekeepingGenes,TMEM251,,HRTAtlas,PMID32663312
HousekeepingGenes,RMND5A,,HRTAtlas,PMID32663312
HousekeepingGenes,RPIA,,HRTAtlas,PMID32663312
HousekeepingGenes,CFDP1,,HRTAtlas,PMID32663312
HousekeepingGenes,TRIP12,,HRTAtlas,PMID32663312
HousekeepingGenes,MAX,,HRTAtlas,PMID32663312
HousekeepingGenes,TOMM70,,HRTAtlas,PMID32663312
HousekeepingGenes,ATP5PF,,HRTAtlas,PMID32663312
HousekeepingGenes,XPC,,HRTAtlas,PMID32663312
HousekeepingGenes,FLCN,,HRTAtlas,PMID32663312
HousekeepingGenes,ANKRD40,,HRTAtlas,PMID32663312
HousekeepingGenes,MRPS17,,HRTAtlas,PMID32663312
HousekeepingGenes,LONP2,,HRTAtlas,PMID32663312
HousekeepingGenes,NIFK,,HRTAtlas,PMID32663312
HousekeepingGenes,VBP1,,HRTAtlas,PMID32663312
HousekeepingGenes,WHAMM,,HRTAtlas,PMID32663312
HousekeepingGenes,ATP5MPL,,HRTAtlas,PMID32663312
HousekeepingGenes,UQCRB,,HRTAtlas,PMID32663312
HousekeepingGenes,RPL30,,HRTAtlas,PMID32663312
HousekeepingGenes,ZFAND3,,HRTAtlas,PMID32663312
HousekeepingGenes,FBRS,,HRTAtlas,PMID32663312
HousekeepingGenes,PDE6D,,HRTAtlas,PMID32663312
HousekeepingGenes,NOMO1,,HRTAtlas,PMID32663312
HousekeepingGenes,ABCF2,,HRTAtlas,PMID32663312
HousekeepingGenes,ODR4,,HRTAtlas,PMID32663312
HousekeepingGenes,GATAD1,,HRTAtlas,PMID32663312
HousekeepingGenes,APPL1,,HRTAtlas,PMID32663312
HousekeepingGenes,COQ5,,HRTAtlas,PMID32663312
HousekeepingGenes,PSMG3,,HRTAtlas,PMID32663312
HousekeepingGenes,WIPI2,,HRTAtlas,PMID32663312
HousekeepingGenes,MRPL17,,HRTAtlas,PMID32663312
HousekeepingGenes,ACTR1B,,HRTAtlas,PMID32663312
HousekeepingGenes,EIF5B,,HRTAtlas,PMID32663312
HousekeepingGenes,CNOT11,,HRTAtlas,PMID32663312
HousekeepingGenes,ZNF276,,HRTAtlas,PMID32663312
HousekeepingGenes,KPNB1,,HRTAtlas,PMID32663312
HousekeepingGenes,NCOA5,,HRTAtlas,PMID32663312
HousekeepingGenes,OGFR,,HRTAtlas,PMID32663312
HousekeepingGenes,ATP5PO,,HRTAtlas,PMID32663312
HousekeepingGenes,SNF8,,HRTAtlas,PMID32663312
HousekeepingGenes,PSMB4,,HRTAtlas,PMID32663312
HousekeepingGenes,AMFR,,HRTAtlas,PMID32663312
HousekeepingGenes,ATP6V0D1,,HRTAtlas,PMID32663312
HousekeepingGenes,CALM3,,HRTAtlas,PMID32663312
HousekeepingGenes,SSU72,,HRTAtlas,PMID32663312
HousekeepingGenes,NR2F6,,HRTAtlas,PMID32663312
HousekeepingGenes,U2AF1,,HRTAtlas,PMID32663312
HousekeepingGenes,AGPAT3,,HRTAtlas,PMID32663312
HousekeepingGenes,PWP2,,HRTAtlas,PMID32663312
HousekeepingGenes,GATD3A,,HRTAtlas,PMID32663312
HousekeepingGenes,ZER1,,HRTAtlas,PMID32663312
HousekeepingGenes,SAFB,,HRTAtlas,PMID32663312
HousekeepingGenes,UBE2Q1,,HRTAtlas,PMID32663312
HousekeepingGenes,CCDC12,,HRTAtlas,PMID32663312
HousekeepingGenes,RNF126,,HRTAtlas,PMID32663312
HousekeepingGenes,NACC1,,HRTAtlas,PMID32663312
HousekeepingGenes,ATP5MF,,HRTAtlas,PMID32663312
HousekeepingGenes,LY6E,,HRTAtlas,PMID32663312
HousekeepingGenes,LRRC14,,HRTAtlas,PMID32663312
HousekeepingGenes,ZNF251,,HRTAtlas,PMID32663312
HousekeepingGenes,ABHD17A,,HRTAtlas,PMID32663312
HousekeepingGenes,MAML1,,HRTAtlas,PMID32663312
HousekeepingGenes,POLR2J,,HRTAtlas,PMID32663312
HousekeepingGenes,AP2M1,,HRTAtlas,PMID32663312
HousekeepingGenes,PCYT1A,,HRTAtlas,PMID32663312
HousekeepingGenes,ACOX1,,HRTAtlas,PMID32663312
HousekeepingGenes,STAT5B,,HRTAtlas,PMID32663312
HousekeepingGenes,PSME3,,HRTAtlas,PMID32663312
HousekeepingGenes,LSM12,,HRTAtlas,PMID32663312
HousekeepingGenes,LEMD2,,HRTAtlas,PMID32663312
HousekeepingGenes,MED11,,HRTAtlas,PMID32663312
HousekeepingGenes,RPL26,,HRTAtlas,PMID32663312
HousekeepingGenes,NXF1,,HRTAtlas,PMID32663312
HousekeepingGenes,STX5,,HRTAtlas,PMID32663312
HousekeepingGenes,RPL29,,HRTAtlas,PMID32663312
HousekeepingGenes,ZFPL1,,HRTAtlas,PMID32663312
HousekeepingGenes,ZYG11B,,HRTAtlas,PMID32663312
HousekeepingGenes,C1orf123,,HRTAtlas,PMID32663312
HousekeepingGenes,ARL5A,,HRTAtlas,PMID32663312
HousekeepingGenes,RNF149,,HRTAtlas,PMID32663312
HousekeepingGenes,IWS1,,HRTAtlas,PMID32663312
HousekeepingGenes,HNRNPDL,,HRTAtlas,PMID32663312
HousekeepingGenes,MRPS18C,,HRTAtlas,PMID32663312
HousekeepingGenes,KRTCAP2,,HRTAtlas,PMID32663312
HousekeepingGenes,SSR2,,HRTAtlas,PMID32663312
HousekeepingGenes,STT3B,,HRTAtlas,PMID32663312
HousekeepingGenes,THOC7,,HRTAtlas,PMID32663312
HousekeepingGenes,PSMD6,,HRTAtlas,PMID32663312
HousekeepingGenes,RPL9,,HRTAtlas,PMID32663312
HousekeepingGenes,MRPL33,,HRTAtlas,PMID32663312
HousekeepingGenes,RPN1,,HRTAtlas,PMID32663312
HousekeepingGenes,SENP2,,HRTAtlas,PMID32663312
HousekeepingGenes,BAP1,,HRTAtlas,PMID32663312
HousekeepingGenes,ADH5,,HRTAtlas,PMID32663312
HousekeepingGenes,BDH2,,HRTAtlas,PMID32663312
HousekeepingGenes,PGRMC2,,HRTAtlas,PMID32663312
HousekeepingGenes,SHISA5,,HRTAtlas,PMID32663312
HousekeepingGenes,APEH,,HRTAtlas,PMID32663312
HousekeepingGenes,WDR82,,HRTAtlas,PMID32663312
HousekeepingGenes,ABCE1,,HRTAtlas,PMID32663312
HousekeepingGenes,TMEM184C,,HRTAtlas,PMID32663312
HousekeepingGenes,NDUFAF2,,HRTAtlas,PMID32663312
HousekeepingGenes,RPS23,,HRTAtlas,PMID32663312
HousekeepingGenes,NSA2,,HRTAtlas,PMID32663312
HousekeepingGenes,TRA2A,,HRTAtlas,PMID32663312
HousekeepingGenes,SLU7,,HRTAtlas,PMID32663312
HousekeepingGenes,CAMLG,,HRTAtlas,PMID32663312
HousekeepingGenes,RP9,,HRTAtlas,PMID32663312
HousekeepingGenes,HSPA9,,HRTAtlas,PMID32663312
HousekeepingGenes,BRI3,,HRTAtlas,PMID32663312
HousekeepingGenes,RAD21,,HRTAtlas,PMID32663312
HousekeepingGenes,SPTSSA,,HRTAtlas,PMID32663312
HousekeepingGenes,RPL36AL,,HRTAtlas,PMID32663312
HousekeepingGenes,ZNF22,,HRTAtlas,PMID32663312
HousekeepingGenes,ZMYND19,,HRTAtlas,PMID32663312
HousekeepingGenes,ISCA2,,HRTAtlas,PMID32663312
HousekeepingGenes,PSMC3,,HRTAtlas,PMID32663312
HousekeepingGenes,MOAP1,,HRTAtlas,PMID32663312
HousekeepingGenes,BCCIP,,HRTAtlas,PMID32663312
HousekeepingGenes,NDUFB8,,HRTAtlas,PMID32663312
HousekeepingGenes,COPS2,,HRTAtlas,PMID32663312
HousekeepingGenes,PCBD1,,HRTAtlas,PMID32663312
HousekeepingGenes,CCT2,,HRTAtlas,PMID32663312
HousekeepingGenes,TAF10,,HRTAtlas,PMID32663312
HousekeepingGenes,TPP1,,HRTAtlas,PMID32663312
HousekeepingGenes,TMX3,,HRTAtlas,PMID32663312
HousekeepingGenes,HSP90B1,,HRTAtlas,PMID32663312
HousekeepingGenes,AP1G1,,HRTAtlas,PMID32663312
HousekeepingGenes,PPIB,,HRTAtlas,PMID32663312
HousekeepingGenes,CIAO2A,,HRTAtlas,PMID32663312
HousekeepingGenes,TERF2IP,,HRTAtlas,PMID32663312
HousekeepingGenes,CLPX,,HRTAtlas,PMID32663312
HousekeepingGenes,PATL1,,HRTAtlas,PMID32663312
HousekeepingGenes,MRPL16,,HRTAtlas,PMID32663312
HousekeepingGenes,TSC22D4,,HRTAtlas,PMID32663312
HousekeepingGenes,SON,,HRTAtlas,PMID32663312
HousekeepingGenes,PDIA3,,HRTAtlas,PMID32663312
HousekeepingGenes,NUDT21,,HRTAtlas,PMID32663312
HousekeepingGenes,PHB,,HRTAtlas,PMID32663312
HousekeepingGenes,COQ4,,HRTAtlas,PMID32663312
HousekeepingGenes,CRK,,HRTAtlas,PMID32663312
HousekeepingGenes,GCN1,,HRTAtlas,PMID32663312
HousekeepingGenes,ATP5MG,,HRTAtlas,PMID32663312
HousekeepingGenes,STIM1,,HRTAtlas,PMID32663312
HousekeepingGenes,TPM4,,HRTAtlas,PMID32663312
HousekeepingGenes,ZC3H18,,HRTAtlas,PMID32663312
HousekeepingGenes,DAPK3,,HRTAtlas,PMID32663312
HousekeepingGenes,UBXN6,,HRTAtlas,PMID32663312
HousekeepingGenes,TSR1,,HRTAtlas,PMID32663312
HousekeepingGenes,CD320,,HRTAtlas,PMID32663312
HousekeepingGenes,SPRYD3,,HRTAtlas,PMID32663312
HousekeepingGenes,CDK2AP2,,HRTAtlas,PMID32663312
HousekeepingGenes,PRDX2,,HRTAtlas,PMID32663312
HousekeepingGenes,MRPL58,,HRTAtlas,PMID32663312
HousekeepingGenes,ATP5PD,,HRTAtlas,PMID32663312
HousekeepingGenes,FAM234A,,HRTAtlas,PMID32663312
HousekeepingGenes,METTL26,,HRTAtlas,PMID32663312
HousekeepingGenes,E4F1,,HRTAtlas,PMID32663312
HousekeepingGenes,KCTD5,,HRTAtlas,PMID32663312
HousekeepingGenes,SRRM2,,HRTAtlas,PMID32663312
HousekeepingGenes,DDB1,,HRTAtlas,PMID32663312
HousekeepingGenes,VPS37C,,HRTAtlas,PMID32663312
HousekeepingGenes,HNRNPUL2,,HRTAtlas,PMID32663312
HousekeepingGenes,RPSA,,HRTAtlas,PMID32663312
HousekeepingGenes,UBXN1,,HRTAtlas,PMID32663312
HousekeepingGenes,TADA3,,HRTAtlas,PMID32663312
HousekeepingGenes,IRF2BP1,,HRTAtlas,PMID32663312
HousekeepingGenes,NUDT9,,HRTAtlas,PMID32663312
HousekeepingGenes,UBB,,HRTAtlas,PMID32663312
HousekeepingGenes,DDX19A,,HRTAtlas,PMID32663312
HousekeepingGenes,COPRS,,HRTAtlas,PMID32663312
HousekeepingGenes,GABARAP,,HRTAtlas,PMID32663312
HousekeepingGenes,TMEM42,,HRTAtlas,PMID32663312
HousekeepingGenes,KIF5B,,HRTAtlas,PMID32663312
HousekeepingGenes,TMEM256,,HRTAtlas,PMID32663312
HousekeepingGenes,TRIM8,,HRTAtlas,PMID32663312
HousekeepingGenes,KARS,,HRTAtlas,PMID32663312
HousekeepingGenes,MTCH2,,HRTAtlas,PMID32663312
HousekeepingGenes,SCAMP3,,HRTAtlas,PMID32663312
HousekeepingGenes,LETM1,,HRTAtlas,PMID32663312
HousekeepingGenes,RPS9,,HRTAtlas,PMID32663312
HousekeepingGenes,POLR1D,,HRTAtlas,PMID32663312
HousekeepingGenes,LMAN2,,HRTAtlas,PMID32663312
HousekeepingGenes,POP7,,HRTAtlas,PMID32663312
HousekeepingGenes,PA2G4,,HRTAtlas,PMID32663312
HousekeepingGenes,MMADHC,,HRTAtlas,PMID32663312
HousekeepingGenes,MECP2,,HRTAtlas,PMID32663312
HousekeepingGenes,MAEA,,HRTAtlas,PMID32663312
HousekeepingGenes,BRD3,,HRTAtlas,PMID32663312
HousekeepingGenes,ARF4,,HRTAtlas,PMID32663312
HousekeepingGenes,PDS5A,,HRTAtlas,PMID32663312
HousekeepingGenes,RNF139,,HRTAtlas,PMID32663312
HousekeepingGenes,TMED10,,HRTAtlas,PMID32663312
HousekeepingGenes,PCBP1,,HRTAtlas,PMID32663312
HousekeepingGenes,THAP11,,HRTAtlas,PMID32663312
HousekeepingGenes,TRAPPC1,,HRTAtlas,PMID32663312
HousekeepingGenes,EGLN2,,HRTAtlas,PMID32663312
HousekeepingGenes,HINT1,,HRTAtlas,PMID32663312
HousekeepingGenes,KBTBD2,,HRTAtlas,PMID32663312
HousekeepingGenes,RAMAC,,HRTAtlas,PMID32663312
HousekeepingGenes,NUDT16L1,,HRTAtlas,PMID32663312
HousekeepingGenes,ATP5ME,,HRTAtlas,PMID32663312
HousekeepingGenes,H2AFY,,HRTAtlas,PMID32663312
HousekeepingGenes,ARL6IP1,,HRTAtlas,PMID32663312
HousekeepingGenes,MRM3,,HRTAtlas,PMID32663312
HousekeepingGenes,RPL7L1,,HRTAtlas,PMID32663312
HousekeepingGenes,SRP9,,HRTAtlas,PMID32663312
HousekeepingGenes,TMEM208,,HRTAtlas,PMID32663312
HousekeepingGenes,HSPA4,,HRTAtlas,PMID32663312
HousekeepingGenes,RPS7,,HRTAtlas,PMID32663312
HousekeepingGenes,PPIH,,HRTAtlas,PMID32663312
HousekeepingGenes,PRPF8,,HRTAtlas,PMID32663312
HousekeepingGenes,ZNHIT1,,HRTAtlas,PMID32663312
HousekeepingGenes,STIP1,,HRTAtlas,PMID32663312
HousekeepingGenes,TWF2,,HRTAtlas,PMID32663312
HousekeepingGenes,RBMX2,,HRTAtlas,PMID32663312
HousekeepingGenes,CD2BP2,,HRTAtlas,PMID32663312
HousekeepingGenes,CYCS,,HRTAtlas,PMID32663312
HousekeepingGenes,RNF187,,HRTAtlas,PMID32663312
HousekeepingGenes,SCAND1,,HRTAtlas,PMID32663312
HousekeepingGenes,LSM3,,HRTAtlas,PMID32663312
HousekeepingGenes,ASXL1,,HRTAtlas,PMID32663312
HousekeepingGenes,TMEM43,,HRTAtlas,PMID32663312
HousekeepingGenes,CBR4,,HRTAtlas,PMID32663312
HousekeepingGenes,RNF181,,HRTAtlas,PMID32663312
HousekeepingGenes,VAMP5,,HRTAtlas,PMID32663312
HousekeepingGenes,ZNF672,,HRTAtlas,PMID32663312
HousekeepingGenes,CHTF8,,HRTAtlas,PMID32663312
HousekeepingGenes,ASPSCR1,,HRTAtlas,PMID32663312
HousekeepingGenes,KIAA1109,,HRTAtlas,PMID32663312
HousekeepingGenes,FEM1B,,HRTAtlas,PMID32663312
HousekeepingGenes,MAP2K1,,HRTAtlas,PMID32663312
HousekeepingGenes,COG7,,HRTAtlas,PMID32663312
HousekeepingGenes,YWHAG,,HRTAtlas,PMID32663312
HousekeepingGenes,PPID,,HRTAtlas,PMID32663312
HousekeepingGenes,JAGN1,,HRTAtlas,PMID32663312
HousekeepingGenes,ZRSR2,,HRTAtlas,PMID32663312
HousekeepingGenes,RPL15,,HRTAtlas,PMID32663312
HousekeepingGenes,RPL4,,HRTAtlas,PMID32663312
HousekeepingGenes,PTDSS2,,HRTAtlas,PMID32663312
HousekeepingGenes,DDX23,,HRTAtlas,PMID32663312
HousekeepingGenes,MUS81,,HRTAtlas,PMID32663312
HousekeepingGenes,H2AFV,,HRTAtlas,PMID32663312
HousekeepingGenes,CFL1,,HRTAtlas,PMID32663312
HousekeepingGenes,USP48,,HRTAtlas,PMID32663312
HousekeepingGenes,TUT1,,HRTAtlas,PMID32663312
HousekeepingGenes,CCAR2,,HRTAtlas,PMID32663312
HousekeepingGenes,GRK2,,HRTAtlas,PMID32663312
HousekeepingGenes,PRKACA,,HRTAtlas,PMID32663312
HousekeepingGenes,ZNF622,,HRTAtlas,PMID32663312
HousekeepingGenes,PSMD1,,HRTAtlas,PMID32663312
HousekeepingGenes,TRMT112,,HRTAtlas,PMID32663312
HousekeepingGenes,DAG1,,HRTAtlas,PMID32663312
HousekeepingGenes,PCMTD2,,HRTAtlas,PMID32663312
HousekeepingGenes,TAOK2,,HRTAtlas,PMID32663312
HousekeepingGenes,U2AF2,,HRTAtlas,PMID32663312
HousekeepingGenes,NDUFA11,,HRTAtlas,PMID32663312
HousekeepingGenes,ACAD9,,HRTAtlas,PMID32663312
HousekeepingGenes,BAD,,HRTAtlas,PMID32663312
HousekeepingGenes,MAP3K11,,HRTAtlas,PMID32663312
HousekeepingGenes,VPS26C,,HRTAtlas,PMID32663312
HousekeepingGenes,FAM192A,,HRTAtlas,PMID32663312
HousekeepingGenes,ETFB,,HRTAtlas,PMID32663312
HousekeepingGenes,TPT1,,HRTAtlas,PMID32663312
HousekeepingGenes,EEF1A1,,HRTAtlas,PMID32663312
HousekeepingGenes,EEF2,,HRTAtlas,PMID32663312
HousekeepingGenes,PPP1R14B,,HRTAtlas,PMID32663312
HousekeepingGenes,C19orf70,,HRTAtlas,PMID32663312
HousekeepingGenes,SSSCA1,,HRTAtlas,PMID32663312
HousekeepingGenes,MRPL38,,HRTAtlas,PMID32663312
HousekeepingGenes,VEGFB,,HRTAtlas,PMID32663312
HousekeepingGenes,RETREG3,,HRTAtlas,PMID32663312
HousekeepingGenes,CGGBP1,,HRTAtlas,PMID32663312
HousekeepingGenes,ATP5MD,,HRTAtlas,PMID32663312
HousekeepingGenes,MRPL57,,HRTAtlas,PMID32663312
HousekeepingGenes,GGA2,,HRTAtlas,PMID32663312
HousekeepingGenes,GLE1,,HRTAtlas,PMID32663312
HousekeepingGenes,MSL2,,HRTAtlas,PMID32663312
HousekeepingGenes,TADA2B,,HRTAtlas,PMID32663312
HousekeepingGenes,RBM4,,HRTAtlas,PMID32663312
HousekeepingGenes,RBM14,,HRTAtlas,PMID32663312
HousekeepingGenes,PSMC5,,HRTAtlas,PMID32663312
HousekeepingGenes,LRCH4,,HRTAtlas,PMID32663312
HousekeepingGenes,EIF4EBP3,,HRTAtlas,PMID32663312
HousekeepingGenes,TNKS,,HRTAtlas,PMID32663312
HousekeepingGenes,MEPCE,,HRTAtlas,PMID32663312
HousekeepingGenes,RAB6A,,HRTAtlas,PMID32663312
HousekeepingGenes,ANKRD10,,HRTAtlas,PMID32663312
HousekeepingGenes,IQCB1,,HRTAtlas,PMID32663312
HousekeepingGenes,HDLBP,,HRTAtlas,PMID32663312
HousekeepingGenes,BOD1,,HRTAtlas,PMID32663312
HousekeepingGenes,RPL38,,HRTAtlas,PMID32663312
HousekeepingGenes,DENND6A,,HRTAtlas,PMID32663312
HousekeepingGenes,ZFYVE21,,HRTAtlas,PMID32663312
HousekeepingGenes,B4GAT1,,HRTAtlas,PMID32663312
HousekeepingGenes,ZNF706,,HRTAtlas,PMID32663312
HousekeepingGenes,LSM1,,HRTAtlas,PMID32663312
HousekeepingGenes,RAB1B,,HRTAtlas,PMID32663312
HousekeepingGenes,RABL6,,HRTAtlas,PMID32663312
HousekeepingGenes,RPL21,,HRTAtlas,PMID32663312
HousekeepingGenes,UQCRH,,HRTAtlas,PMID32663312
HousekeepingGenes,PPP1R8,,HRTAtlas,PMID32663312
HousekeepingGenes,OXSR1,,HRTAtlas,PMID32663312
HousekeepingGenes,ISCU,,HRTAtlas,PMID32663312
HousekeepingGenes,KRAS,,HRTAtlas,PMID32663312
HousekeepingGenes,ARHGAP1,,HRTAtlas,PMID32663312
HousekeepingGenes,HP1BP3,,HRTAtlas,PMID32663312
HousekeepingGenes,SART1,,HRTAtlas,PMID32663312
HousekeepingGenes,H2AFY,,HRTAtlas,PMID32663312
HousekeepingGenes,MRPL46,,HRTAtlas,PMID32663312
HousekeepingGenes,DRAP1,,HRTAtlas,PMID32663312
HousekeepingGenes,CHMP2A,,HRTAtlas,PMID32663312
HousekeepingGenes,CCDC85B,,HRTAtlas,PMID32663312
HousekeepingGenes,FAM174A,,HRTAtlas,PMID32663312
HousekeepingGenes,GUK1,,HRTAtlas,PMID32663312
HousekeepingGenes,MED25,,HRTAtlas,PMID32663312
HousekeepingGenes,AGGF1,,HRTAtlas,PMID32663312
HousekeepingGenes,SIAH2,,HRTAtlas,PMID32663312
HousekeepingGenes,PRCP,,HRTAtlas,PMID32663312
HousekeepingGenes,ATOX1,,HRTAtlas,PMID32663312
HousekeepingGenes,DVL3,,HRTAtlas,PMID32663312
HousekeepingGenes,GRINA,,HRTAtlas,PMID32663312
HousekeepingGenes,FAM220A,,HRTAtlas,PMID32663312
HousekeepingGenes,BTF3L4,,HRTAtlas,PMID32663312
HousekeepingGenes,TAF7,,HRTAtlas,PMID32663312
HousekeepingGenes,NDUFS8,,HRTAtlas,PMID32663312
HousekeepingGenes,GNAI2,,HRTAtlas,PMID32663312
HousekeepingGenes,ZDHHC7,,HRTAtlas,PMID32663312
HousekeepingGenes,STX4,,HRTAtlas,PMID32663312
HousekeepingGenes,HNRNPD,,HRTAtlas,PMID32663312
HousekeepingGenes,CSNK1D,,HRTAtlas,PMID32663312
HousekeepingGenes,COX8A,,HRTAtlas,PMID32663312
HousekeepingGenes,IGSF8,,HRTAtlas,PMID32663312
HousekeepingGenes,SUMO2,,HRTAtlas,PMID32663312
HousekeepingGenes,FARSA,,HRTAtlas,PMID32663312
HousekeepingGenes,SUPT6H,,HRTAtlas,PMID32663312
HousekeepingGenes,WDR75,,HRTAtlas,PMID32663312
HousekeepingGenes,COPG1,,HRTAtlas,PMID32663312
HousekeepingGenes,IMP3,,HRTAtlas,PMID32663312
HousekeepingGenes,HNRNPA0,,HRTAtlas,PMID32663312
HousekeepingGenes,RHOT2,,HRTAtlas,PMID32663312
HousekeepingGenes,TARDBP,,HRTAtlas,PMID32663312
HousekeepingGenes,EDC3,,HRTAtlas,PMID32663312
HousekeepingGenes,RPS6,,HRTAtlas,PMID32663312
HousekeepingGenes,WSB2,,HRTAtlas,PMID32663312
HousekeepingGenes,MED29,,HRTAtlas,PMID32663312
HousekeepingGenes,ARPC2,,HRTAtlas,PMID32663312
HousekeepingGenes,RPL7A,,HRTAtlas,PMID32663312
HousekeepingGenes,LSM10,,HRTAtlas,PMID32663312
HousekeepingGenes,MDH2,,HRTAtlas,PMID32663312
HousekeepingGenes,TFE3,,HRTAtlas,PMID32663312
HousekeepingGenes,ROCK2,,HRTAtlas,PMID32663312
HousekeepingGenes,OS9,,HRTAtlas,PMID32663312
HousekeepingGenes,EXOSC4,,HRTAtlas,PMID32663312
HousekeepingGenes,ZFP91,,HRTAtlas,PMID32663312
HousekeepingGenes,RPS4X,,HRTAtlas,PMID32663312
HousekeepingGenes,LARP4B,,HRTAtlas,PMID32663312
HousekeepingGenes,EEF1A1,,HRTAtlas,PMID32663312
HousekeepingGenes,CALR,,HRTAtlas,PMID32663312
HousekeepingGenes,VAMP2,,HRTAtlas,PMID32663312
HousekeepingGenes,HNRNPH2,,HRTAtlas,PMID32663312
HousekeepingGenes,GRB2,,HRTAtlas,PMID32663312
HousekeepingGenes,RAD23A,,HRTAtlas,PMID32663312
HousekeepingGenes,GADD45GIP1,,HRTAtlas,PMID32663312
HousekeepingGenes,SMAP1,,HRTAtlas,PMID32663312
HousekeepingGenes,SGF29,,HRTAtlas,PMID32663312
HousekeepingGenes,DNAJA2,,HRTAtlas,PMID32663312
HousekeepingGenes,TOLLIP,,HRTAtlas,PMID32663312
HousekeepingGenes,RANBP10,,HRTAtlas,PMID32663312
HousekeepingGenes,MRPS24,,HRTAtlas,PMID32663312
HousekeepingGenes,SLC25A5,,HRTAtlas,PMID32663312
HousekeepingGenes,MAGEF1,,HRTAtlas,PMID32663312
HousekeepingGenes,VPS39,,HRTAtlas,PMID32663312
HousekeepingGenes,LASP1,,HRTAtlas,PMID32663312
HousekeepingGenes,RNF168,,HRTAtlas,PMID32663312
HousekeepingGenes,PAM16,,HRTAtlas,PMID32663312
HousekeepingGenes,GRHPR,,HRTAtlas,PMID32663312
HousekeepingGenes,MRPL43,,HRTAtlas,PMID32663312
HousekeepingGenes,NFX1,,HRTAtlas,PMID32663312
HousekeepingGenes,PABPC1,,HRTAtlas,PMID32663312
HousekeepingGenes,CYC1,,HRTAtlas,PMID32663312
HousekeepingGenes,TALDO1,,HRTAtlas,PMID32663312
HousekeepingGenes,C14orf119,,HRTAtlas,PMID32663312
HousekeepingGenes,LRRC42,,HRTAtlas,PMID32663312
HousekeepingGenes,PRDX1,,HRTAtlas,PMID32663312
HousekeepingGenes,DCTPP1,,HRTAtlas,PMID32663312
HousekeepingGenes,UBE2O,,HRTAtlas,PMID32663312
HousekeepingGenes,FUBP3,,HRTAtlas,PMID32663312
HousekeepingGenes,B4GALT3,,HRTAtlas,PMID32663312
HousekeepingGenes,PUM2,,HRTAtlas,PMID32663312
HousekeepingGenes,GATD1,,HRTAtlas,PMID32663312
HousekeepingGenes,RABGGTB,,HRTAtlas,PMID32663312
HousekeepingGenes,RNPS1,,HRTAtlas,PMID32663312
HousekeepingGenes,PACS1,,HRTAtlas,PMID32663312
HousekeepingGenes,RBMX,,HRTAtlas,PMID32663312
HousekeepingGenes,BLOC1S4,,HRTAtlas,PMID32663312
HousekeepingGenes,NFATC2IP,,HRTAtlas,PMID32663312
HousekeepingGenes,MRFAP1L1,,HRTAtlas,PMID32663312
HousekeepingGenes,AAR2,,HRTAtlas,PMID32663312
HousekeepingGenes,CLPTM1L,,HRTAtlas,PMID32663312
HousekeepingGenes,CIRBP,,HRTAtlas,PMID32663312
HousekeepingGenes,CRTAP,,HRTAtlas,PMID32663312
HousekeepingGenes,RPLP2,,HRTAtlas,PMID32663312
HousekeepingGenes,NCBP2,,HRTAtlas,PMID32663312
HousekeepingGenes,NUDC,,HRTAtlas,PMID32663312
HousekeepingGenes,TOMM5,,HRTAtlas,PMID32663312
HousekeepingGenes,HIGD1A,,HRTAtlas,PMID32663312
HousekeepingGenes,YBX1,,HRTAtlas,PMID32663312
HousekeepingGenes,TCP1,,HRTAtlas,PMID32663312
HousekeepingGenes,DNAJC4,,HRTAtlas,PMID32663312
HousekeepingGenes,DNAJC4,,HRTAtlas,PMID32663312
HousekeepingGenes,ULK1,,HRTAtlas,PMID32663312
HousekeepingGenes,POLR2L,,HRTAtlas,PMID32663312
HousekeepingGenes,SET,,HRTAtlas,PMID32663312
HousekeepingGenes,PPP2R1A,,HRTAtlas,PMID32663312
HousekeepingGenes,NPEPPS,,HRTAtlas,PMID32663312
HousekeepingGenes,RPL10A,,HRTAtlas,PMID32663312
HousekeepingGenes,SMC1A,,HRTAtlas,PMID32663312
HousekeepingGenes,SSNA1,,HRTAtlas,PMID32663312
HousekeepingGenes,COX5A,,HRTAtlas,PMID32663312
HousekeepingGenes,ZBTB7A,,HRTAtlas,PMID32663312
HousekeepingGenes,MAF1,,HRTAtlas,PMID32663312
HousekeepingGenes,SF3B2,,HRTAtlas,PMID32663312
HousekeepingGenes,RUVBL1,,HRTAtlas,PMID32663312
HousekeepingGenes,EPM2AIP1,,HRTAtlas,PMID32663312
HousekeepingGenes,NCL,,HRTAtlas,PMID32663312
HousekeepingGenes,ZYX,,HRTAtlas,PMID32663312
HousekeepingGenes,NAPG,,HRTAtlas,PMID32663312
HousekeepingGenes,FAM206A,,HRTAtlas,PMID32663312
HousekeepingGenes,RPS15A,,HRTAtlas,PMID32663312
HousekeepingGenes,RRP7A,,HRTAtlas,PMID32663312
HousekeepingGenes,SLC35A4,,HRTAtlas,PMID32663312
HousekeepingGenes,EIF3M,,HRTAtlas,PMID32663312
HousekeepingGenes,RPL7A,,HRTAtlas,PMID32663312
HousekeepingGenes,SENP5,,HRTAtlas,PMID32663312
HousekeepingGenes,DEGS1,,HRTAtlas,PMID32663312
HousekeepingGenes,USP39,,HRTAtlas,PMID32663312
HousekeepingGenes,SRRM1,,HRTAtlas,PMID32663312
HousekeepingGenes,ANAPC2,,HRTAtlas,PMID32663312
HousekeepingGenes,ZKSCAN1,,HRTAtlas,PMID32663312
HousekeepingGenes,USP9X,,HRTAtlas,PMID32663312
HousekeepingGenes,SAV1,,HRTAtlas,PMID32663312
HousekeepingGenes,PRPSAP1,,HRTAtlas,PMID32663312
HousekeepingGenes,ARID1A,,HRTAtlas,PMID32663312
HousekeepingGenes,PRPF3,,HRTAtlas,PMID32663312
HousekeepingGenes,CHMP6,,HRTAtlas,PMID32663312
HousekeepingGenes,CUL1,,HRTAtlas,PMID32663312
HousekeepingGenes,FBXW5,,HRTAtlas,PMID32663312
HousekeepingGenes,MIEF1,,HRTAtlas,PMID32663312
HousekeepingGenes,HNRNPM,,HRTAtlas,PMID32663312
HousekeepingGenes,KIAA0319L,,HRTAtlas,PMID32663312
HousekeepingGenes,PRKRA,,HRTAtlas,PMID32663312
HousekeepingGenes,RNF10,,HRTAtlas,PMID32663312
HousekeepingGenes,CCZ1,,HRTAtlas,PMID32663312
HousekeepingGenes,HMGB1,,HRTAtlas,PMID32663312
HousekeepingGenes,OAZ2,,HRTAtlas,PMID32663312
HousekeepingGenes,SLC4A1AP,,HRTAtlas,PMID32663312
HousekeepingGenes,TRAF7,,HRTAtlas,PMID32663312
HousekeepingGenes,RPS10,,HRTAtlas,PMID32663312
HousekeepingGenes,LENG8,,HRTAtlas,PMID32663312
HousekeepingGenes,STK11,,HRTAtlas,PMID32663312
HousekeepingGenes,NDUFAF3,,HRTAtlas,PMID32663312
HousekeepingGenes,NDUFAF3,,HRTAtlas,PMID32663312
HousekeepingGenes,NOC2L,,HRTAtlas,PMID32663312
HousekeepingGenes,AES,,HRTAtlas,PMID32663312
HousekeepingGenes,TIMM22,,HRTAtlas,PMID32663312
HousekeepingGenes,KHDRBS1,,HRTAtlas,PMID32663312
HousekeepingGenes,SEPHS1,,HRTAtlas,PMID32663312
HousekeepingGenes,ADI1,,HRTAtlas,PMID32663312
HousekeepingGenes,BTBD6,,HRTAtlas,PMID32663312
HousekeepingGenes,TOB2,,HRTAtlas,PMID32663312
HousekeepingGenes,RASSF1,,HRTAtlas,PMID32663312
HousekeepingGenes,NDUFA12,,HRTAtlas,PMID32663312
HousekeepingGenes,C16orf72,,HRTAtlas,PMID32663312
HousekeepingGenes,TUBB,,HRTAtlas,PMID32663312
HousekeepingGenes,RAB11B,,HRTAtlas,PMID32663312
HousekeepingGenes,NPIPA1,,HRTAtlas,PMID32663312
HousekeepingGenes,PLPBP,,HRTAtlas,PMID32663312
HousekeepingGenes,SKP1,,HRTAtlas,PMID32663312
HousekeepingGenes,COA3,,HRTAtlas,PMID32663312
HousekeepingGenes,IP6K2,,HRTAtlas,PMID32663312
HousekeepingGenes,CIB1,,HRTAtlas,PMID32663312
HousekeepingGenes,HAX1,,HRTAtlas,PMID32663312
HousekeepingGenes,COA5,,HRTAtlas,PMID32663312
HousekeepingGenes,PPP2R5C,,HRTAtlas,PMID32663312
HousekeepingGenes,NOP10,,HRTAtlas,PMID32663312
HousekeepingGenes,HGS,,HRTAtlas,PMID32663312
HousekeepingGenes,EEF1G,,HRTAtlas,PMID32663312
HousekeepingGenes,RAB12,,HRTAtlas,PMID32663312
HousekeepingGenes,GTF3C6,,HRTAtlas,PMID32663312
HousekeepingGenes,UQCR10,,HRTAtlas,PMID32663312
HousekeepingGenes,MRPL54,,HRTAtlas,PMID32663312
HousekeepingGenes,TPM3,,HRTAtlas,PMID32663312
HousekeepingGenes,MRTO4,,HRTAtlas,PMID32663312
HousekeepingGenes,VMA21,,HRTAtlas,PMID32663312
HousekeepingGenes,ATP6V0C,,HRTAtlas,PMID32663312
HousekeepingGenes,KDELR1,,HRTAtlas,PMID32663312
HousekeepingGenes,HNRNPA1,,HRTAtlas,PMID32663312
HousekeepingGenes,DNAJA1,,HRTAtlas,PMID32663312
HousekeepingGenes,PTTG1IP,,HRTAtlas,PMID32663312
HousekeepingGenes,NPLOC4,,HRTAtlas,PMID32663312
HousekeepingGenes,GLRX3,,HRTAtlas,PMID32663312
HousekeepingGenes,MORF4L1,,HRTAtlas,PMID32663312
HousekeepingGenes,FBXW4,,HRTAtlas,PMID32663312
HousekeepingGenes,GLRX5,,HRTAtlas,PMID32663312
HousekeepingGenes,DRG1,,HRTAtlas,PMID32663312
HousekeepingGenes,SMDT1,,HRTAtlas,PMID32663312
HousekeepingGenes,P4HB,,HRTAtlas,PMID32663312
HousekeepingGenes,EEF1A1,,HRTAtlas,PMID32663312
HousekeepingGenes,TBK1,,HRTAtlas,PMID32663312
HousekeepingGenes,RSRC2,,HRTAtlas,PMID32663312
HousekeepingGenes,SETD3,,HRTAtlas,PMID32663312
HousekeepingGenes,DEXI,,HRTAtlas,PMID32663312
HousekeepingGenes,RANBP1,,HRTAtlas,PMID32663312
HousekeepingGenes,SELENOF,,HRTAtlas,PMID32663312
HousekeepingGenes,ACTG1,,HRTAtlas,PMID32663312
HousekeepingGenes,SRPRA,,HRTAtlas,PMID32663312
HousekeepingGenes,ZC3H11A,,HRTAtlas,PMID32663312
HousekeepingGenes,C6orf120,,HRTAtlas,PMID32663312
HousekeepingGenes,HEXIM1,,HRTAtlas,PMID32663312
HousekeepingGenes,LAMP1,,HRTAtlas,PMID32663312
HousekeepingGenes,TMED9,,HRTAtlas,PMID32663312
HousekeepingGenes,TRAK2,,HRTAtlas,PMID32663312
HousekeepingGenes,XPOT,,HRTAtlas,PMID32663312
HousekeepingGenes,PHF12,,HRTAtlas,PMID32663312
HousekeepingGenes,SUMO3,,HRTAtlas,PMID32663312
HousekeepingGenes,CRADD,,HRTAtlas,PMID32663312
HousekeepingGenes,C22orf39,,HRTAtlas,PMID32663312
HousekeepingGenes,MRPL12,,HRTAtlas,PMID32663312
HousekeepingGenes,H1FX,,HRTAtlas,PMID32663312
HousekeepingGenes,POLR3C,,HRTAtlas,PMID32663312
HousekeepingGenes,DLST,,HRTAtlas,PMID32663312
HousekeepingGenes,KPNA4,,HRTAtlas,PMID32663312
HousekeepingGenes,PNRC2,,HRTAtlas,PMID32663312
HousekeepingGenes,PFDN5,,HRTAtlas,PMID32663312
HousekeepingGenes,ZMIZ1,,HRTAtlas,PMID32663312
HousekeepingGenes,CHP1,,HRTAtlas,PMID32663312
HousekeepingGenes,RPS19BP1,,HRTAtlas,PMID32663312
HousekeepingGenes,PPP2R5C,,HRTAtlas,PMID32663312
HousekeepingGenes,PGAM1,,HRTAtlas,PMID32663312
HousekeepingGenes,SF1,,HRTAtlas,PMID32663312
HousekeepingGenes,PPP1CC,,HRTAtlas,PMID32663312
HousekeepingGenes,PIP5K1C,,HRTAtlas,PMID32663312
HousekeepingGenes,KLHDC10,,HRTAtlas,PMID32663312
HousekeepingGenes,SF3B1,,HRTAtlas,PMID32663312
HousekeepingGenes,ATP5IF1,,HRTAtlas,PMID32663312
HousekeepingGenes,BTF3,,HRTAtlas,PMID32663312
HousekeepingGenes,UBA1,,HRTAtlas,PMID32663312
HousekeepingGenes,RAB6A,,HRTAtlas,PMID32663312
HousekeepingGenes,PCGF5,,HRTAtlas,PMID32663312
HousekeepingGenes,SARNP,,HRTAtlas,PMID32663312
HousekeepingGenes,MTDH,,HRTAtlas,PMID32663312
HousekeepingGenes,LARP1,,HRTAtlas,PMID32663312
HousekeepingGenes,AP3S2,,HRTAtlas,PMID32663312
HousekeepingGenes,EIF5A,,HRTAtlas,PMID32663312
HousekeepingGenes,EIF5A,,HRTAtlas,PMID32663312
HousekeepingGenes,DNAJB2,,HRTAtlas,PMID32663312
HousekeepingGenes,SEL1L,,HRTAtlas,PMID32663312
HousekeepingGenes,DHX15,,HRTAtlas,PMID32663312
HousekeepingGenes,ATG101,,HRTAtlas,PMID32663312
HousekeepingGenes,SEC62,,HRTAtlas,PMID32663312
HousekeepingGenes,UGP2,,HRTAtlas,PMID32663312
HousekeepingGenes,AZIN1,,HRTAtlas,PMID32663312
HousekeepingGenes,ATF4,,HRTAtlas,PMID32663312
HousekeepingGenes,PCID2,,HRTAtlas,PMID32663312
HousekeepingGenes,WTAP,,HRTAtlas,PMID32663312
HousekeepingGenes,CLPTM1,,HRTAtlas,PMID32663312
HousekeepingGenes,PPP2R5E,,HRTAtlas,PMID32663312
HousekeepingGenes,CBX3,,HRTAtlas,PMID32663312
HousekeepingGenes,ZC3H15,,HRTAtlas,PMID32663312
HousekeepingGenes,PUM2,,HRTAtlas,PMID32663312
HousekeepingGenes,ECPAS,,HRTAtlas,PMID32663312
HousekeepingGenes,TMEM167B,,HRTAtlas,PMID32663312
HousekeepingGenes,AURKAIP1,,HRTAtlas,PMID32663312
HousekeepingGenes,PARK7,,HRTAtlas,PMID32663312
HousekeepingGenes,PTGES2,,HRTAtlas,PMID32663312
HousekeepingGenes,RPL14,,HRTAtlas,PMID32663312
HousekeepingGenes,CFAP36,,HRTAtlas,PMID32663312
HousekeepingGenes,RHOC,,HRTAtlas,PMID32663312
HousekeepingGenes,ABHD12,,HRTAtlas,PMID32663312
HousekeepingGenes,ANP32B,,HRTAtlas,PMID32663312
HousekeepingGenes,CSDE1,,HRTAtlas,PMID32663312
HousekeepingGenes,BAZ1B,,HRTAtlas,PMID32663312
HousekeepingGenes,NDUFA4,,HRTAtlas,PMID32663312
HousekeepingGenes,SERF2,,HRTAtlas,PMID32663312
HousekeepingGenes,UBC,,HRTAtlas,PMID32663312
HousekeepingGenes,SERINC1,,HRTAtlas,PMID32663312
HousekeepingGenes,BORCS7,,HRTAtlas,PMID32663312
HousekeepingGenes,EIF4G2,,HRTAtlas,PMID32663312
HousekeepingGenes,AIDA,,HRTAtlas,PMID32663312
HousekeepingGenes,INTS12,,HRTAtlas,PMID32663312
HousekeepingGenes,NDUFV3,,HRTAtlas,PMID32663312
HousekeepingGenes,PRDX6,,HRTAtlas,PMID32663312
HousekeepingGenes,CAP1,,HRTAtlas,PMID32663312
HousekeepingGenes,GTF2F2,,HRTAtlas,PMID32663312
HousekeepingGenes,DLGAP4,,HRTAtlas,PMID32663312
HousekeepingGenes,VAPA,,HRTAtlas,PMID32663312
HousekeepingGenes,BRAT1,,HRTAtlas,PMID32663312
HousekeepingGenes,GOLGB1,,HRTAtlas,PMID32663312
HousekeepingGenes,IDS,,HRTAtlas,PMID32663312
HousekeepingGenes,IP6K2,,HRTAtlas,PMID32663312
HousekeepingGenes,WNK1,,HRTAtlas,PMID32663312
HousekeepingGenes,HNRNPA1,,HRTAtlas,PMID32663312
HousekeepingGenes,MCCC2,,HRTAtlas,PMID32663312
HousekeepingGenes,ADIPOR1,,HRTAtlas,PMID32663312
HousekeepingGenes,FCF1,,HRTAtlas,PMID32663312
HousekeepingGenes,FBXL5,,HRTAtlas,PMID32663312
HousekeepingGenes,PTMA,,HRTAtlas,PMID32663312
HousekeepingGenes,TPM3,,HRTAtlas,PMID32663312
HousekeepingGenes,HMGB1,,HRTAtlas,PMID32663312
HousekeepingGenes,DCAF5,,HRTAtlas,PMID32663312
HousekeepingGenes,TMEM248,,HRTAtlas,PMID32663312
HousekeepingGenes,ANKFY1,,HRTAtlas,PMID32663312
HousekeepingGenes,MPRIP,,HRTAtlas,PMID32663312
HousekeepingGenes,TAF9B,,HRTAtlas,PMID32663312
HousekeepingGenes,LAMTOR4,,HRTAtlas,PMID32663312
HousekeepingGenes,PDPK1,,HRTAtlas,PMID32663312
HousekeepingGenes,DPY30,,HRTAtlas,PMID32663312
HousekeepingGenes,UBE2L3,,HRTAtlas,PMID32663312
HousekeepingGenes,SMPD1,,HRTAtlas,PMID32663312
HousekeepingGenes,RBPJ,,HRTAtlas,PMID32663312
HousekeepingGenes,SERINC3,,HRTAtlas,PMID32663312
HousekeepingGenes,JAK1,,HRTAtlas,PMID32663312
HousekeepingGenes,SUSD6,,HRTAtlas,PMID32663312
HousekeepingGenes,DAP3,,HRTAtlas,PMID32663312
HousekeepingGenes,NELFB,,HRTAtlas,PMID32663312
HousekeepingGenes,UBE2D3,,HRTAtlas,PMID32663312
HousekeepingGenes,MAFK,,HRTAtlas,PMID32663312
HousekeepingGenes,SRSF10,,HRTAtlas,PMID32663312
HousekeepingGenes,RPS2,,HRTAtlas,PMID32663312
HousekeepingGenes,LRRC41,,HRTAtlas,PMID32663312
HousekeepingGenes,USF2,,HRTAtlas,PMID32663312
HousekeepingGenes,TMEM203,,HRTAtlas,PMID32663312
HousekeepingGenes,SUGT1,,HRTAtlas,PMID32663312
HousekeepingGenes,MCRS1,,HRTAtlas,PMID32663312
HousekeepingGenes,ICMT,,HRTAtlas,PMID32663312
HousekeepingGenes,UBAP2L,,HRTAtlas,PMID32663312
HousekeepingGenes,PYCR2,,HRTAtlas,PMID32663312
HousekeepingGenes,RPS21,,HRTAtlas,PMID32663312
HousekeepingGenes,RPL28,,HRTAtlas,PMID32663312
HousekeepingGenes,ZCCHC17,,HRTAtlas,PMID32663312
HousekeepingGenes,KPNA1,,HRTAtlas,PMID32663312
HousekeepingGenes,C7orf26,,HRTAtlas,PMID32663312
HousekeepingGenes,ZNF395,,HRTAtlas,PMID32663312
HousekeepingGenes,ABCB10,,HRTAtlas,PMID32663312
HousekeepingGenes,CDC42,,HRTAtlas,PMID32663312
HousekeepingGenes,HMGN3,,HRTAtlas,PMID32663312
HousekeepingGenes,USP7,,HRTAtlas,PMID32663312
HousekeepingGenes,MRPL20,,HRTAtlas,PMID32663312
HousekeepingGenes,BPGM,,HRTAtlas,PMID32663312
HousekeepingGenes,BCAP31,,HRTAtlas,PMID32663312
HousekeepingGenes,NPTN,,HRTAtlas,PMID32663312
HousekeepingGenes,UBE2G2,,HRTAtlas,PMID32663312
HousekeepingGenes,CLTA,,HRTAtlas,PMID32663312
HousekeepingGenes,RNF6,,HRTAtlas,PMID32663312
HousekeepingGenes,TSPAN3,,HRTAtlas,PMID32663312
HousekeepingGenes,KRCC1,,HRTAtlas,PMID32663312
HousekeepingGenes,RPL36,,HRTAtlas,PMID32663312
HousekeepingGenes,MAGED2,,HRTAtlas,PMID32663312
HousekeepingGenes,RBM5,,HRTAtlas,PMID32663312
HousekeepingGenes,WAC,,HRTAtlas,PMID32663312
HousekeepingGenes,TM2D3,,HRTAtlas,PMID32663312
HousekeepingGenes,RAC1,,HRTAtlas,PMID32663312
HousekeepingGenes,MYL6,,HRTAtlas,PMID32663312
HousekeepingGenes,UBE3C,,HRTAtlas,PMID32663312
HousekeepingGenes,RPL35,,HRTAtlas,PMID32663312
HousekeepingGenes,ERGIC3,,HRTAtlas,PMID32663312
HousekeepingGenes,PFKL,,HRTAtlas,PMID32663312
HousekeepingGenes,PUF60,,HRTAtlas,PMID32663312
HousekeepingGenes,SNX3,,HRTAtlas,PMID32663312
HousekeepingGenes,CTNNB1,,HRTAtlas,PMID32663312
HousekeepingGenes,CSNK2A1,,HRTAtlas,PMID32663312
HousekeepingGenes,COG3,,HRTAtlas,PMID32663312
HousekeepingGenes,SAMM50,,HRTAtlas,PMID32663312
HousekeepingGenes,PDAP1,,HRTAtlas,PMID32663312
HousekeepingGenes,C1orf43,,HRTAtlas,PMID32663312
HousekeepingGenes,SEC13,,HRTAtlas,PMID32663312
HousekeepingGenes,SNRNP35,,HRTAtlas,PMID32663312
HousekeepingGenes,NMD3,,HRTAtlas,PMID32663312
HousekeepingGenes,NPTN,,HRTAtlas,PMID32663312
HousekeepingGenes,PFDN5,,HRTAtlas,PMID32663312
HousekeepingGenes,CD59,,HRTAtlas,PMID32663312
HousekeepingGenes,PTPN11,,HRTAtlas,PMID32663312
HousekeepingGenes,TOR1A,,HRTAtlas,PMID32663312
HousekeepingGenes,AKR1A1,,HRTAtlas,PMID32663312
HousekeepingGenes,USP4,,HRTAtlas,PMID32663312
HousekeepingGenes,NPM1,,HRTAtlas,PMID32663312
HousekeepingGenes,CYB5R3,,HRTAtlas,PMID32663312
HousekeepingGenes,HNRNPUL1,,HRTAtlas,PMID32663312
HousekeepingGenes,MRPL39,,HRTAtlas,PMID32663312
HousekeepingGenes,RPL7,,HRTAtlas,PMID32663312
HousekeepingGenes,CTSB,,HRTAtlas,PMID32663312
HousekeepingGenes,POLR2K,,HRTAtlas,PMID32663312
HousekeepingGenes,GDE1,,HRTAtlas,PMID32663312
HousekeepingGenes,HNRNPD,,HRTAtlas,PMID32663312
HousekeepingGenes,SKP1,,HRTAtlas,PMID32663312
HousekeepingGenes,SPPL3,,HRTAtlas,PMID32663312
HousekeepingGenes,BSG,,HRTAtlas,PMID32663312
HousekeepingGenes,YWHAB,,HRTAtlas,PMID32663312
HousekeepingGenes,CREB3,,HRTAtlas,PMID32663312
HousekeepingGenes,EIF4H,,HRTAtlas,PMID32663312
HousekeepingGenes,GPX4,,HRTAtlas,PMID32663312
HousekeepingGenes,TBC1D20,,HRTAtlas,PMID32663312
HousekeepingGenes,NDUFV3,,HRTAtlas,PMID32663312
HousekeepingGenes,AP2A1,,HRTAtlas,PMID32663312
HousekeepingGenes,PPTC7,,HRTAtlas,PMID32663312
HousekeepingGenes,CRKL,,HRTAtlas,PMID32663312
HousekeepingGenes,ZYX,,HRTAtlas,PMID32663312
HousekeepingGenes,DDRGK1,,HRTAtlas,PMID32663312
HousekeepingGenes,THRAP3,,HRTAtlas,PMID32663312
HousekeepingGenes,HNRNPA2B1,,HRTAtlas,PMID32663312
HousekeepingGenes,HNRNPH3,,HRTAtlas,PMID32663312
HousekeepingGenes,SND1,,HRTAtlas,PMID32663312
HousekeepingGenes,ALDH9A1,,HRTAtlas,PMID32663312
HousekeepingGenes,RPL15,,HRTAtlas,PMID32663312
HousekeepingGenes,AK2,,HRTAtlas,PMID32663312
HousekeepingGenes,SLC39A13,,HRTAtlas,PMID32663312
HousekeepingGenes,VKORC1,,HRTAtlas,PMID32663312
HousekeepingGenes,ANAPC13,,HRTAtlas,PMID32663312
HousekeepingGenes,WAC,,HRTAtlas,PMID32663312
HousekeepingGenes,HTT,,HRTAtlas,PMID32663312
HousekeepingGenes,GPAA1,,HRTAtlas,PMID32663312
HousekeepingGenes,SYNCRIP,,HRTAtlas,PMID32663312
HousekeepingGenes,AP3M1,,HRTAtlas,PMID32663312
HousekeepingGenes,DNAJA3,,HRTAtlas,PMID32663312
HousekeepingGenes,SCAMP3,,HRTAtlas,PMID32663312
HousekeepingGenes,TBCD,,HRTAtlas,PMID32663312
HousekeepingGenes,FBXL3,,HRTAtlas,PMID32663312
HousekeepingGenes,UBE2H,,HRTAtlas,PMID32663312
HousekeepingGenes,VAT1,,HRTAtlas,PMID32663312
HousekeepingGenes,YTHDC1,,HRTAtlas,PMID32663312
HousekeepingGenes,MBD6,,HRTAtlas,PMID32663312
HousekeepingGenes,STRN3,,HRTAtlas,PMID32663312
HousekeepingGenes,COA4,,HRTAtlas,PMID32663312
HousekeepingGenes,NDUFA5,,HRTAtlas,PMID32663312
HousekeepingGenes,COMMD6,,HRTAtlas,PMID32663312
HousekeepingGenes,HNRNPAB,,HRTAtlas,PMID32663312
HousekeepingGenes,GTF2E2,,HRTAtlas,PMID32663312
HousekeepingGenes,PRELID3B,,HRTAtlas,PMID32663312
HousekeepingGenes,ATP5MC1,,HRTAtlas,PMID32663312
HousekeepingGenes,PPIA,,HRTAtlas,PMID32663312
HousekeepingGenes,NPEPL1,,HRTAtlas,PMID32663312
HousekeepingGenes,PSMD12,,HRTAtlas,PMID32663312
HousekeepingGenes,FBRS,,HRTAtlas,PMID32663312
HousekeepingGenes,SLC39A1,,HRTAtlas,PMID32663312
HousekeepingGenes,CDC16,,HRTAtlas,PMID32663312
HousekeepingGenes,RANGAP1,,HRTAtlas,PMID32663312
HousekeepingGenes,RBCK1,,HRTAtlas,PMID32663312
HousekeepingGenes,ARIH2,,HRTAtlas,PMID32663312
HousekeepingGenes,IGBP1,,HRTAtlas,PMID32663312
HousekeepingGenes,RAP1A,,HRTAtlas,PMID32663312
HousekeepingGenes,GPI,,HRTAtlas,PMID32663312
HousekeepingGenes,STOML2,,HRTAtlas,PMID32663312
HousekeepingGenes,PLD3,,HRTAtlas,PMID32663312
HousekeepingGenes,MAN1A2,,HRTAtlas,PMID32663312
HousekeepingGenes,KDM1A,,HRTAtlas,PMID32663312
HousekeepingGenes,ATN1,,HRTAtlas,PMID32663312
HousekeepingGenes,TMEM259,,HRTAtlas,PMID32663312
HousekeepingGenes,HNRNPA2B1,,HRTAtlas,PMID32663312
HousekeepingGenes,PBRM1,,HRTAtlas,PMID32663312
HousekeepingGenes,NCL,,HRTAtlas,PMID32663312
HousekeepingGenes,CALM1,,HRTAtlas,PMID32663312
HousekeepingGenes,MOB3A,,HRTAtlas,PMID32663312
HousekeepingGenes,DCTD,,HRTAtlas,PMID32663312
HousekeepingGenes,ADIPOR2,,HRTAtlas,PMID32663312
HousekeepingGenes,DYNLRB1,,HRTAtlas,PMID32663312
HousekeepingGenes,SFPQ,,HRTAtlas,PMID32663312
HousekeepingGenes,CDC42SE1,,HRTAtlas,PMID32663312
HousekeepingGenes,ASNA1,,HRTAtlas,PMID32663312
HousekeepingGenes,FIBP,,HRTAtlas,PMID32663312
HousekeepingGenes,PQLC1,,HRTAtlas,PMID32663312
HousekeepingGenes,UNC50,,HRTAtlas,PMID32663312
HousekeepingGenes,RPLP1,,HRTAtlas,PMID32663312
HousekeepingGenes,COPS5,,HRTAtlas,PMID32663312
HousekeepingGenes,ANKLE2,,HRTAtlas,PMID32663312
HousekeepingGenes,DDX47,,HRTAtlas,PMID32663312
HousekeepingGenes,RAD23B,,HRTAtlas,PMID32663312
HousekeepingGenes,MAGT1,,HRTAtlas,PMID32663312
HousekeepingGenes,METTL9,,HRTAtlas,PMID32663312
HousekeepingGenes,DMAC1,,HRTAtlas,PMID32663312
HousekeepingGenes,WDR55,,HRTAtlas,PMID32663312
HousekeepingGenes,HNRNPAB,,HRTAtlas,PMID32663312
HousekeepingGenes,WTAP,,HRTAtlas,PMID32663312
HousekeepingGenes,MAX,,HRTAtlas,PMID32663312
HousekeepingGenes,GSTK1,,HRTAtlas,PMID32663312
HousekeepingGenes,TOMM7,,HRTAtlas,PMID32663312
HousekeepingGenes,ARNT,,HRTAtlas,PMID32663312
HousekeepingGenes,UBL5,,HRTAtlas,PMID32663312
HousekeepingGenes,ENTPD4,,HRTAtlas,PMID32663312
HousekeepingGenes,ZBTB18,,HRTAtlas,PMID32663312
HousekeepingGenes,TTC37,,HRTAtlas,PMID32663312
HousekeepingGenes,VCP,,HRTAtlas,PMID32663312
HousekeepingGenes,5-Mar,,HRTAtlas,PMID32663312
HousekeepingGenes,SSU72,,HRTAtlas,PMID32663312
HousekeepingGenes,PPP6R2,,HRTAtlas,PMID32663312
HousekeepingGenes,PCBP2,,HRTAtlas,PMID32663312
HousekeepingGenes,SH2B1,,HRTAtlas,PMID32663312
HousekeepingGenes,MPZL1,,HRTAtlas,PMID32663312
HousekeepingGenes,ZRANB1,,HRTAtlas,PMID32663312
HousekeepingGenes,DDA1,,HRTAtlas,PMID32663312
HousekeepingGenes,BRMS1,,HRTAtlas,PMID32663312
HousekeepingGenes,SRSF2,,HRTAtlas,PMID32663312
HousekeepingGenes,SDF4,,HRTAtlas,PMID32663312
HousekeepingGenes,MCMBP,,HRTAtlas,PMID32663312
HousekeepingGenes,MACF1,,HRTAtlas,PMID32663312
HousekeepingGenes,MAP4,,HRTAtlas,PMID32663312
HousekeepingGenes,APH1A,,HRTAtlas,PMID32663312
HousekeepingGenes,MSN,,HRTAtlas,PMID32663312
HousekeepingGenes,ANKS1A,,HRTAtlas,PMID32663312
HousekeepingGenes,SLC41A3,,HRTAtlas,PMID32663312
HousekeepingGenes,EIF2B3,,HRTAtlas,PMID32663312
HousekeepingGenes,STAU1,,HRTAtlas,PMID32663312
HousekeepingGenes,MORF4L2,,HRTAtlas,PMID32663312
HousekeepingGenes,PEA15,,HRTAtlas,PMID32663312
HousekeepingGenes,CNPPD1,,HRTAtlas,PMID32663312
HousekeepingGenes,ETF1,,HRTAtlas,PMID32663312
HousekeepingGenes,SCAF1,,HRTAtlas,PMID32663312
HousekeepingGenes,VPS29,,HRTAtlas,PMID32663312
HousekeepingGenes,SCYL2,,HRTAtlas,PMID32663312
HousekeepingGenes,RPS24,,HRTAtlas,PMID32663312
HousekeepingGenes,MRPL37,,HRTAtlas,PMID32663312
HousekeepingGenes,DNAJC5,,HRTAtlas,PMID32663312
HousekeepingGenes,EIF3B,,HRTAtlas,PMID32663312
HousekeepingGenes,UBE2Z,,HRTAtlas,PMID32663312
HousekeepingGenes,LDB1,,HRTAtlas,PMID32663312
HousekeepingGenes,SREBF2,,HRTAtlas,PMID32663312
HousekeepingGenes,DENND4B,,HRTAtlas,PMID32663312
HousekeepingGenes,SERBP1,,HRTAtlas,PMID32663312
HousekeepingGenes,CDC42BPB,,HRTAtlas,PMID32663312
HousekeepingGenes,SPOUT1,,HRTAtlas,PMID32663312
HousekeepingGenes,DCAF12,,HRTAtlas,PMID32663312
HousekeepingGenes,CNOT7,,HRTAtlas,PMID32663312
HousekeepingGenes,TAF11,,HRTAtlas,PMID32663312
HousekeepingGenes,LMNA,,HRTAtlas,PMID32663312
HousekeepingGenes,TOP1,,HRTAtlas,PMID32663312
HousekeepingGenes,UBL7,,HRTAtlas,PMID32663312
HousekeepingGenes,MAP3K3,,HRTAtlas,PMID32663312
HousekeepingGenes,SMURF1,,HRTAtlas,PMID32663312
HousekeepingGenes,CTNNBL1,,HRTAtlas,PMID32663312
HousekeepingGenes,HMGN2,,HRTAtlas,PMID32663312
HousekeepingGenes,NSMCE1,,HRTAtlas,PMID32663312
HousekeepingGenes,OGA,,HRTAtlas,PMID32663312
HousekeepingGenes,MPHOSPH8,,HRTAtlas,PMID32663312
HousekeepingGenes,MRPL24,,HRTAtlas,PMID32663312
HousekeepingGenes,ENSA,,HRTAtlas,PMID32663312
HousekeepingGenes,UBAP2L,,HRTAtlas,PMID32663312
HousekeepingGenes,OSTC,,HRTAtlas,PMID32663312
HousekeepingGenes,IPO9,,HRTAtlas,PMID32663312
HousekeepingGenes,R3HDM4,,HRTAtlas,PMID32663312
HousekeepingGenes,RPL39,,HRTAtlas,PMID32663312
HousekeepingGenes,HIPK1,,HRTAtlas,PMID32663312
HousekeepingGenes,C1orf174,,HRTAtlas,PMID32663312
HousekeepingGenes,PSMB5,,HRTAtlas,PMID32663312
HousekeepingGenes,SFT2D1,,HRTAtlas,PMID32663312
HousekeepingGenes,RNF13,,HRTAtlas,PMID32663312
HousekeepingGenes,CIPC,,HRTAtlas,PMID32663312
HousekeepingGenes,SMC3,,HRTAtlas,PMID32663312
HousekeepingGenes,ILF2,,HRTAtlas,PMID32663312
HousekeepingGenes,TMEM184B,,HRTAtlas,PMID32663312
HousekeepingGenes,INO80,,HRTAtlas,PMID32663312
HousekeepingGenes,KIF1BP,,HRTAtlas,PMID32663312
HousekeepingGenes,PCGF3,,HRTAtlas,PMID32663312
HousekeepingGenes,MRPL21,,HRTAtlas,PMID32663312
HousekeepingGenes,FBH1,,HRTAtlas,PMID32663312
HousekeepingGenes,ADSS,,HRTAtlas,PMID32663312
HousekeepingGenes,TOMM20,,HRTAtlas,PMID32663312
HousekeepingGenes,IRF2BP2,,HRTAtlas,PMID32663312
HousekeepingGenes,COA6,,HRTAtlas,PMID32663312
HousekeepingGenes,TSNAX,,HRTAtlas,PMID32663312
HousekeepingGenes,GNPAT,,HRTAtlas,PMID32663312
HousekeepingGenes,RAB4A,,HRTAtlas,PMID32663312
HousekeepingGenes,GUK1,,HRTAtlas,PMID32663312
HousekeepingGenes,PHF10,,HRTAtlas,PMID32663312
HousekeepingGenes,PARP1,,HRTAtlas,PMID32663312
HousekeepingGenes,ACBD3,,HRTAtlas,PMID32663312
HousekeepingGenes,H3F3A,,HRTAtlas,PMID32663312
HousekeepingGenes,SRP9,,HRTAtlas,PMID32663312
HousekeepingGenes,FBXO28,,HRTAtlas,PMID32663312
HousekeepingGenes,EPRS,,HRTAtlas,PMID32663312
HousekeepingGenes,NENF,,HRTAtlas,PMID32663312
HousekeepingGenes,LPGAT1,,HRTAtlas,PMID32663312
HousekeepingGenes,MRPL18,,HRTAtlas,PMID32663312
HousekeepingGenes,DYNLT1,,HRTAtlas,PMID32663312
HousekeepingGenes,MAPKAPK2,,HRTAtlas,PMID32663312
HousekeepingGenes,NUCKS1,,HRTAtlas,PMID32663312
HousekeepingGenes,PPP1R15B,,HRTAtlas,PMID32663312
HousekeepingGenes,ZC3H11A,,HRTAtlas,PMID32663312
HousekeepingGenes,TMEM183A,,HRTAtlas,PMID32663312
HousekeepingGenes,CYB5R1,,HRTAtlas,PMID32663312
HousekeepingGenes,TIMM17A,,HRTAtlas,PMID32663312
HousekeepingGenes,TMEM9,,HRTAtlas,PMID32663312
HousekeepingGenes,PCMT1,,HRTAtlas,PMID32663312
HousekeepingGenes,PCMT1,,HRTAtlas,PMID32663312
HousekeepingGenes,PCMT1,,HRTAtlas,PMID32663312
HousekeepingGenes,GINM1,,HRTAtlas,PMID32663312
HousekeepingGenes,GLRX2,,HRTAtlas,PMID32663312
HousekeepingGenes,TPR,,HRTAtlas,PMID32663312
HousekeepingGenes,SF3B5,,HRTAtlas,PMID32663312
HousekeepingGenes,LTV1,,HRTAtlas,PMID32663312
HousekeepingGenes,ACBD6,,HRTAtlas,PMID32663312
HousekeepingGenes,QSOX1,,HRTAtlas,PMID32663312
HousekeepingGenes,QSOX1,,HRTAtlas,PMID32663312
HousekeepingGenes,TOR3A,,HRTAtlas,PMID32663312
HousekeepingGenes,IFNGR1,,HRTAtlas,PMID32663312
HousekeepingGenes,MPC2,,HRTAtlas,PMID32663312
HousekeepingGenes,MGST3,,HRTAtlas,PMID32663312
HousekeepingGenes,ATF6,,HRTAtlas,PMID32663312
HousekeepingGenes,UFC1,,HRTAtlas,PMID32663312
HousekeepingGenes,PFDN2,,HRTAtlas,PMID32663312
HousekeepingGenes,COPA,,HRTAtlas,PMID32663312
HousekeepingGenes,MRPL24,,HRTAtlas,PMID32663312
HousekeepingGenes,GPATCH4,,HRTAtlas,PMID32663312
HousekeepingGenes,NAXE,,HRTAtlas,PMID32663312
HousekeepingGenes,PMF1,,HRTAtlas,PMID32663312
HousekeepingGenes,LMNA,,HRTAtlas,PMID32663312
HousekeepingGenes,LAMTOR2,,HRTAtlas,PMID32663312
HousekeepingGenes,UBQLN4,,HRTAtlas,PMID32663312
HousekeepingGenes,KHDC4,,HRTAtlas,PMID32663312
HousekeepingGenes,KHDC4,,HRTAtlas,PMID32663312
HousekeepingGenes,DAP3,,HRTAtlas,PMID32663312
HousekeepingGenes,ASH1L,,HRTAtlas,PMID32663312
HousekeepingGenes,DPM3,,HRTAtlas,PMID32663312
HousekeepingGenes,PMVK,,HRTAtlas,PMID32663312
HousekeepingGenes,NUS1,,HRTAtlas,PMID32663312
HousekeepingGenes,C1orf43,,HRTAtlas,PMID32663312
HousekeepingGenes,RPS27,,HRTAtlas,PMID32663312
HousekeepingGenes,RAB13,,HRTAtlas,PMID32663312
HousekeepingGenes,TSPYL1,,HRTAtlas,PMID32663312
HousekeepingGenes,GLRX3,,HRTAtlas,PMID32663312
HousekeepingGenes,GATAD2B,,HRTAtlas,PMID32663312
HousekeepingGenes,SNAPIN,,HRTAtlas,PMID32663312
HousekeepingGenes,CHTOP,,HRTAtlas,PMID32663312
HousekeepingGenes,CHTOP,,HRTAtlas,PMID32663312
HousekeepingGenes,S100A6,,HRTAtlas,PMID32663312
HousekeepingGenes,MRPL9,,HRTAtlas,PMID32663312
HousekeepingGenes,BUB3,,HRTAtlas,PMID32663312
HousekeepingGenes,BUB3,,HRTAtlas,PMID32663312
HousekeepingGenes,PSMD4,,HRTAtlas,PMID32663312
HousekeepingGenes,IKZF5,,HRTAtlas,PMID32663312
HousekeepingGenes,CERS2,,HRTAtlas,PMID32663312
HousekeepingGenes,NSMCE4A,,HRTAtlas,PMID32663312
HousekeepingGenes,ATE1,,HRTAtlas,PMID32663312
HousekeepingGenes,MCMBP,,HRTAtlas,PMID32663312
HousekeepingGenes,APH1A,,HRTAtlas,PMID32663312
HousekeepingGenes,PREP,,HRTAtlas,PMID32663312
HousekeepingGenes,EIF3A,,HRTAtlas,PMID32663312
HousekeepingGenes,CACUL1,,HRTAtlas,PMID32663312
HousekeepingGenes,PNISR,,HRTAtlas,PMID32663312
HousekeepingGenes,FAM160B1,,HRTAtlas,PMID32663312
HousekeepingGenes,UFL1,,HRTAtlas,PMID32663312
HousekeepingGenes,RBM8A,,HRTAtlas,PMID32663312
HousekeepingGenes,POLR3GL,,HRTAtlas,PMID32663312
HousekeepingGenes,ZDHHC6,,HRTAtlas,PMID32663312
HousekeepingGenes,RARS2,,HRTAtlas,PMID32663312
HousekeepingGenes,BCAS2,,HRTAtlas,PMID32663312
HousekeepingGenes,DKC1,,HRTAtlas,PMID32663312
HousekeepingGenes,SLC35A1,,HRTAtlas,PMID32663312
HousekeepingGenes,SYNCRIP,,HRTAtlas,PMID32663312
HousekeepingGenes,RHOC,,HRTAtlas,PMID32663312
HousekeepingGenes,RHOC,,HRTAtlas,PMID32663312
HousekeepingGenes,UBL4A,,HRTAtlas,PMID32663312
HousekeepingGenes,RAP1A,,HRTAtlas,PMID32663312
HousekeepingGenes,GSTO1,,HRTAtlas,PMID32663312
HousekeepingGenes,ATP6AP1,,HRTAtlas,PMID32663312
HousekeepingGenes,AHCYL1,,HRTAtlas,PMID32663312
HousekeepingGenes,RPL10,,HRTAtlas,PMID32663312
HousekeepingGenes,EMD,,HRTAtlas,PMID32663312
HousekeepingGenes,ACTR1A,,HRTAtlas,PMID32663312
HousekeepingGenes,CUEDC2,,HRTAtlas,PMID32663312
HousekeepingGenes,GBF1,,HRTAtlas,PMID32663312
HousekeepingGenes,STXBP3,,HRTAtlas,PMID32663312
HousekeepingGenes,PRPF38B,,HRTAtlas,PMID32663312
HousekeepingGenes,SSR4,,HRTAtlas,PMID32663312
HousekeepingGenes,MFSD14A,,HRTAtlas,PMID32663312
HousekeepingGenes,PPDPF,,HRTAtlas,PMID32663312
HousekeepingGenes,LZTS2,,HRTAtlas,PMID32663312
HousekeepingGenes,RPL5,,HRTAtlas,PMID32663312
HousekeepingGenes,YTHDF1,,HRTAtlas,PMID32663312
HousekeepingGenes,BLOC1S2,,HRTAtlas,PMID32663312
HousekeepingGenes,SMAP1,,HRTAtlas,PMID32663312
HousekeepingGenes,OGFR,,HRTAtlas,PMID32663312
HousekeepingGenes,CUTC,,HRTAtlas,PMID32663312
HousekeepingGenes,COX15,,HRTAtlas,PMID32663312
HousekeepingGenes,MRGBP,,HRTAtlas,PMID32663312
HousekeepingGenes,SLC25A28,,HRTAtlas,PMID32663312
HousekeepingGenes,GTF2B,,HRTAtlas,PMID32663312
HousekeepingGenes,CREG1,,HRTAtlas,PMID32663312
HousekeepingGenes,LMO4,,HRTAtlas,PMID32663312
HousekeepingGenes,LMO4,,HRTAtlas,PMID32663312
HousekeepingGenes,SELENOF,,HRTAtlas,PMID32663312
HousekeepingGenes,SH3GLB1,,HRTAtlas,PMID32663312
HousekeepingGenes,PI4K2A,,HRTAtlas,PMID32663312
HousekeepingGenes,AL135905.2,,HRTAtlas,PMID32663312
HousekeepingGenes,RPF1,,HRTAtlas,PMID32663312
HousekeepingGenes,FUBP1,,HRTAtlas,PMID32663312
HousekeepingGenes,FUBP1,,HRTAtlas,PMID32663312
HousekeepingGenes,RTL8A,,HRTAtlas,PMID32663312
HousekeepingGenes,PSMA7,,HRTAtlas,PMID32663312
HousekeepingGenes,PSMA7,,HRTAtlas,PMID32663312
HousekeepingGenes,ZRANB2,,HRTAtlas,PMID32663312
HousekeepingGenes,SRSF11,,HRTAtlas,PMID32663312
HousekeepingGenes,SRSF11,,HRTAtlas,PMID32663312
HousekeepingGenes,SRSF11,,HRTAtlas,PMID32663312
HousekeepingGenes,SERBP1,,HRTAtlas,PMID32663312
HousekeepingGenes,SERBP1,,HRTAtlas,PMID32663312
HousekeepingGenes,SERBP1,,HRTAtlas,PMID32663312
HousekeepingGenes,LEPROT,,HRTAtlas,PMID32663312
HousekeepingGenes,TM9SF3,,HRTAtlas,PMID32663312
HousekeepingGenes,TCTN3,,HRTAtlas,PMID32663312
HousekeepingGenes,MCTS1,,HRTAtlas,PMID32663312
HousekeepingGenes,CUL4B,,HRTAtlas,PMID32663312
HousekeepingGenes,LAMP2,,HRTAtlas,PMID32663312
HousekeepingGenes,TMEM59,,HRTAtlas,PMID32663312
HousekeepingGenes,NDUFA1,,HRTAtlas,PMID32663312
HousekeepingGenes,RNF113A,,HRTAtlas,PMID32663312
HousekeepingGenes,MRPL41,,HRTAtlas,PMID32663312
HousekeepingGenes,MAGOH,,HRTAtlas,PMID32663312
HousekeepingGenes,MAGOH,,HRTAtlas,PMID32663312
HousekeepingGenes,CDC5L,,HRTAtlas,PMID32663312
HousekeepingGenes,UBE2A,,HRTAtlas,PMID32663312
HousekeepingGenes,DPP7,,HRTAtlas,PMID32663312
HousekeepingGenes,DPM1,,HRTAtlas,PMID32663312
HousekeepingGenes,PTPN1,,HRTAtlas,PMID32663312
HousekeepingGenes,TXNDC12,,HRTAtlas,PMID32663312
HousekeepingGenes,TNKS2,,HRTAtlas,PMID32663312
HousekeepingGenes,HSP90AB1,,HRTAtlas,PMID32663312
HousekeepingGenes,EDF1,,HRTAtlas,PMID32663312
HousekeepingGenes,EDF1,,HRTAtlas,PMID32663312
HousekeepingGenes,UBE2V1,,HRTAtlas,PMID32663312
HousekeepingGenes,B4GALT5,,HRTAtlas,PMID32663312
HousekeepingGenes,PMPCA,,HRTAtlas,PMID32663312
HousekeepingGenes,DNLZ,,HRTAtlas,PMID32663312
HousekeepingGenes,UBAC1,,HRTAtlas,PMID32663312
HousekeepingGenes,DDX27,,HRTAtlas,PMID32663312
HousekeepingGenes,STAU1,,HRTAtlas,PMID32663312
HousekeepingGenes,BRD4,,HRTAtlas,PMID32663312
HousekeepingGenes,CMPK1,,HRTAtlas,PMID32663312
HousekeepingGenes,ARFGEF2,,HRTAtlas,PMID32663312
HousekeepingGenes,EFCAB14,,HRTAtlas,PMID32663312
HousekeepingGenes,REXO4,,HRTAtlas,PMID32663312
HousekeepingGenes,PTEN,,HRTAtlas,PMID32663312
HousekeepingGenes,SURF2,,HRTAtlas,PMID32663312
HousekeepingGenes,SURF1,,HRTAtlas,PMID32663312
HousekeepingGenes,POMGNT1,,HRTAtlas,PMID32663312
HousekeepingGenes,SURF4,,HRTAtlas,PMID32663312
HousekeepingGenes,MRPL14,,HRTAtlas,PMID32663312
HousekeepingGenes,MRPS18A,,HRTAtlas,PMID32663312
HousekeepingGenes,GHITM,,HRTAtlas,PMID32663312
HousekeepingGenes,MAD2L1BP,,HRTAtlas,PMID32663312
HousekeepingGenes,RPS8,,HRTAtlas,PMID32663312
HousekeepingGenes,ERI3,,HRTAtlas,PMID32663312
HousekeepingGenes,IPO13,,HRTAtlas,PMID32663312
HousekeepingGenes,RPS24,,HRTAtlas,PMID32663312
HousekeepingGenes,PCIF1,,HRTAtlas,PMID32663312
HousekeepingGenes,YIPF3,,HRTAtlas,PMID32663312
HousekeepingGenes,PRPS1,,HRTAtlas,PMID32663312
HousekeepingGenes,C9orf78,,HRTAtlas,PMID32663312
HousekeepingGenes,ELOVL1,,HRTAtlas,PMID32663312
HousekeepingGenes,NTMT1,,HRTAtlas,PMID32663312
HousekeepingGenes,SVBP,,HRTAtlas,PMID32663312
HousekeepingGenes,DNTTIP1,,HRTAtlas,PMID32663312
HousekeepingGenes,SET,,HRTAtlas,PMID32663312
HousekeepingGenes,ZMPSTE24,,HRTAtlas,PMID32663312
HousekeepingGenes,CAP1,,HRTAtlas,PMID32663312
HousekeepingGenes,CHCHD1,,HRTAtlas,PMID32663312
HousekeepingGenes,URM1,,HRTAtlas,PMID32663312
HousekeepingGenes,PABPC4,,HRTAtlas,PMID32663312
HousekeepingGenes,PABPC4,,HRTAtlas,PMID32663312
HousekeepingGenes,MACF1,,HRTAtlas,PMID32663312
HousekeepingGenes,MRPS16,,HRTAtlas,PMID32663312
HousekeepingGenes,DNAJC9,,HRTAtlas,PMID32663312
HousekeepingGenes,C9orf16,,HRTAtlas,PMID32663312
HousekeepingGenes,RRAGC,,HRTAtlas,PMID32663312
HousekeepingGenes,SF3A3,,HRTAtlas,PMID32663312
HousekeepingGenes,GNL2,,HRTAtlas,PMID32663312
HousekeepingGenes,TRAPPC3,,HRTAtlas,PMID32663312
HousekeepingGenes,SH3BGRL,,HRTAtlas,PMID32663312
HousekeepingGenes,EIF4EBP2,,HRTAtlas,PMID32663312
HousekeepingGenes,PPA1,,HRTAtlas,PMID32663312
HousekeepingGenes,PSMB2,,HRTAtlas,PMID32663312
HousekeepingGenes,SAR1A,,HRTAtlas,PMID32663312
HousekeepingGenes,COX7B,,HRTAtlas,PMID32663312
HousekeepingGenes,PBDC1,,HRTAtlas,PMID32663312
HousekeepingGenes,GLO1,,HRTAtlas,PMID32663312
HousekeepingGenes,ZFAND3,,HRTAtlas,PMID32663312
HousekeepingGenes,AK2,,HRTAtlas,PMID32663312
HousekeepingGenes,CMTR1,,HRTAtlas,PMID32663312
HousekeepingGenes,YARS,,HRTAtlas,PMID32663312
HousekeepingGenes,TBC1D22B,,HRTAtlas,PMID32663312
HousekeepingGenes,BLCAP,,HRTAtlas,PMID32663312
HousekeepingGenes,PPP6C,,HRTAtlas,PMID32663312
HousekeepingGenes,DDX50,,HRTAtlas,PMID32663312
HousekeepingGenes,EIF3I,,HRTAtlas,PMID32663312
HousekeepingGenes,MTCH1,,HRTAtlas,PMID32663312
HousekeepingGenes,KPNA6,,HRTAtlas,PMID32663312
HousekeepingGenes,MTCH1,,HRTAtlas,PMID32663312
HousekeepingGenes,RABGAP1,,HRTAtlas,PMID32663312
HousekeepingGenes,PIN4,,HRTAtlas,PMID32663312
HousekeepingGenes,RC3H2,,HRTAtlas,PMID32663312
HousekeepingGenes,PEF1,,HRTAtlas,PMID32663312
HousekeepingGenes,SRSF3,,HRTAtlas,PMID32663312
HousekeepingGenes,OGT,,HRTAtlas,PMID32663312
HousekeepingGenes,KCTD20,,HRTAtlas,PMID32663312
HousekeepingGenes,NDUFA8,,HRTAtlas,PMID32663312
HousekeepingGenes,ADO,,HRTAtlas,PMID32663312
HousekeepingGenes,SRSF4,,HRTAtlas,PMID32663312
HousekeepingGenes,RAB14,,HRTAtlas,PMID32663312
HousekeepingGenes,NONO,,HRTAtlas,PMID32663312
HousekeepingGenes,RPA2,,HRTAtlas,PMID32663312
HousekeepingGenes,STX12,,HRTAtlas,PMID32663312
HousekeepingGenes,SCAND1,,HRTAtlas,PMID32663312
HousekeepingGenes,C6orf106,,HRTAtlas,PMID32663312
HousekeepingGenes,ATP6V1G1,,HRTAtlas,PMID32663312
HousekeepingGenes,ROMO1,,HRTAtlas,PMID32663312
HousekeepingGenes,ROMO1,,HRTAtlas,PMID32663312
HousekeepingGenes,GPN2,,HRTAtlas,PMID32663312
HousekeepingGenes,POLE3,,HRTAtlas,PMID32663312
HousekeepingGenes,CDC26,,HRTAtlas,PMID32663312
HousekeepingGenes,UQCC2,,HRTAtlas,PMID32663312
HousekeepingGenes,ZNF593,,HRTAtlas,PMID32663312
HousekeepingGenes,SNX12,,HRTAtlas,PMID32663312
HousekeepingGenes,GNG10,,HRTAtlas,PMID32663312
HousekeepingGenes,MTFR1L,,HRTAtlas,PMID32663312
HousekeepingGenes,TMEM50A,,HRTAtlas,PMID32663312
HousekeepingGenes,ZNF32,,HRTAtlas,PMID32663312
HousekeepingGenes,CSGALNACT2,,HRTAtlas,PMID32663312
HousekeepingGenes,CUTA,,HRTAtlas,PMID32663312
HousekeepingGenes,PHF1,,HRTAtlas,PMID32663312
HousekeepingGenes,BMS1,,HRTAtlas,PMID32663312
HousekeepingGenes,RPL11,,HRTAtlas,PMID32663312
HousekeepingGenes,TMEM245,,HRTAtlas,PMID32663312
HousekeepingGenes,WDR46,,HRTAtlas,PMID32663312
HousekeepingGenes,RING1,,HRTAtlas,PMID32663312
HousekeepingGenes,SLC39A7,,HRTAtlas,PMID32663312
HousekeepingGenes,SLC39A7,,HRTAtlas,PMID32663312
HousekeepingGenes,RXRB,,HRTAtlas,PMID32663312
HousekeepingGenes,RXRB,,HRTAtlas,PMID32663312
HousekeepingGenes,USP48,,HRTAtlas,PMID32663312
HousekeepingGenes,SLC38A10,,HRTAtlas,PMID32663312
HousekeepingGenes,ITCH,,HRTAtlas,PMID32663312
HousekeepingGenes,EIF2S2,,HRTAtlas,PMID32663312
HousekeepingGenes,HP1BP3,,HRTAtlas,PMID32663312
HousekeepingGenes,PBX2,,HRTAtlas,PMID32663312
HousekeepingGenes,MAGED2,,HRTAtlas,PMID32663312
HousekeepingGenes,AGPAT1,,HRTAtlas,PMID32663312
HousekeepingGenes,NCBP1,,HRTAtlas,PMID32663312
HousekeepingGenes,TSR2,,HRTAtlas,PMID32663312
HousekeepingGenes,ATF6B,,HRTAtlas,PMID32663312
HousekeepingGenes,UBR4,,HRTAtlas,PMID32663312
HousekeepingGenes,HABP4,,HRTAtlas,PMID32663312
HousekeepingGenes,MFSD14B,,HRTAtlas,PMID32663312
HousekeepingGenes,TFDP1,,HRTAtlas,PMID32663312
HousekeepingGenes,RCC2,,HRTAtlas,PMID32663312
HousekeepingGenes,NINJ1,,HRTAtlas,PMID32663312
HousekeepingGenes,SDHB,,HRTAtlas,PMID32663312
HousekeepingGenes,SDHD,,HRTAtlas,PMID32663312
HousekeepingGenes,MAPRE1,,HRTAtlas,PMID32663312
HousekeepingGenes,FBXO42,,HRTAtlas,PMID32663312
HousekeepingGenes,NEU1,,HRTAtlas,PMID32663312
HousekeepingGenes,LSM2,,HRTAtlas,PMID32663312
HousekeepingGenes,VARS,,HRTAtlas,PMID32663312
HousekeepingGenes,WAC,,HRTAtlas,PMID32663312
HousekeepingGenes,ZBTB17,,HRTAtlas,PMID32663312
HousekeepingGenes,POFUT1,,HRTAtlas,PMID32663312
HousekeepingGenes,SPEN,,HRTAtlas,PMID32663312
HousekeepingGenes,CSNK2B,,HRTAtlas,PMID32663312
HousekeepingGenes,C6orf47,,HRTAtlas,PMID32663312
HousekeepingGenes,BAG6,,HRTAtlas,PMID32663312
HousekeepingGenes,ISCA1,,HRTAtlas,PMID32663312
HousekeepingGenes,YME1L1,,HRTAtlas,PMID32663312
HousekeepingGenes,TPP2,,HRTAtlas,PMID32663312
HousekeepingGenes,CCDC22,,HRTAtlas,PMID32663312
HousekeepingGenes,HLA-C,,HRTAtlas,PMID32663312
HousekeepingGenes,UBQLN1,,HRTAtlas,PMID32663312
HousekeepingGenes,OTUD5,,HRTAtlas,PMID32663312
HousekeepingGenes,PPP1R10,,HRTAtlas,PMID32663312
HousekeepingGenes,STK24,,HRTAtlas,PMID32663312
HousekeepingGenes,KIAA2013,,HRTAtlas,PMID32663312
HousekeepingGenes,TIMM17B,,HRTAtlas,PMID32663312
HousekeepingGenes,HLA-E,,HRTAtlas,PMID32663312
HousekeepingGenes,BMI1,,HRTAtlas,PMID32663312
HousekeepingGenes,MAD2L2,,HRTAtlas,PMID32663312
HousekeepingGenes,WDR13,,HRTAtlas,PMID32663312
HousekeepingGenes,SP2,,HRTAtlas,PMID32663312
HousekeepingGenes,PPP1CA,,HRTAtlas,PMID32663312
HousekeepingGenes,PPP1R11,,HRTAtlas,PMID32663312
HousekeepingGenes,HLA-A,,HRTAtlas,PMID32663312
HousekeepingGenes,RACK1,,HRTAtlas,PMID32663312
HousekeepingGenes,MTOR,,HRTAtlas,PMID32663312
HousekeepingGenes,YIF1A,,HRTAtlas,PMID32663312
HousekeepingGenes,CST3,,HRTAtlas,PMID32663312
HousekeepingGenes,EXOSC10,,HRTAtlas,PMID32663312
HousekeepingGenes,SRM,,HRTAtlas,PMID32663312
HousekeepingGenes,DNAJC1,,HRTAtlas,PMID32663312
HousekeepingGenes,ARAF,,HRTAtlas,PMID32663312
HousekeepingGenes,ARAF,,HRTAtlas,PMID32663312
HousekeepingGenes,UBA1,,HRTAtlas,PMID32663312
HousekeepingGenes,SF1,,HRTAtlas,PMID32663312
HousekeepingGenes,DTD1,,HRTAtlas,PMID32663312
HousekeepingGenes,CLN5,,HRTAtlas,PMID32663312
HousekeepingGenes,RERE,,HRTAtlas,PMID32663312
HousekeepingGenes,HMGN4,,HRTAtlas,PMID32663312
HousekeepingGenes,DNAJC11,,HRTAtlas,PMID32663312
HousekeepingGenes,PHF13,,HRTAtlas,PMID32663312
HousekeepingGenes,KLHL21,,HRTAtlas,PMID32663312
HousekeepingGenes,POLR1E,,HRTAtlas,PMID32663312
HousekeepingGenes,NDUFB11,,HRTAtlas,PMID32663312
HousekeepingGenes,CSNK1A1,,HRTAtlas,PMID32663312
HousekeepingGenes,VPS36,,HRTAtlas,PMID32663312
HousekeepingGenes,RGP1,,HRTAtlas,PMID32663312
HousekeepingGenes,GBA2,,HRTAtlas,PMID32663312
HousekeepingGenes,GBA2,,HRTAtlas,PMID32663312
HousekeepingGenes,C6orf62,,HRTAtlas,PMID32663312
HousekeepingGenes,LRRC47,,HRTAtlas,PMID32663312
HousekeepingGenes,USP9X,,HRTAtlas,PMID32663312
HousekeepingGenes,TPRG1L,,HRTAtlas,PMID32663312
HousekeepingGenes,APRT,,HRTAtlas,PMID32663312
HousekeepingGenes,HSPA14,,HRTAtlas,PMID32663312
HousekeepingGenes,ATP6AP2,,HRTAtlas,PMID32663312
HousekeepingGenes,RER1,,HRTAtlas,PMID32663312
HousekeepingGenes,ITM2B,,HRTAtlas,PMID32663312
HousekeepingGenes,PRPF18,,HRTAtlas,PMID32663312
HousekeepingGenes,DYNLT3,,HRTAtlas,PMID32663312
HousekeepingGenes,MED4,,HRTAtlas,PMID32663312
HousekeepingGenes,GNB1,,HRTAtlas,PMID32663312
HousekeepingGenes,UQCRQ,,HRTAtlas,PMID32663312
HousekeepingGenes,UQCRQ,,HRTAtlas,PMID32663312
HousekeepingGenes,ESD,,HRTAtlas,PMID32663312
HousekeepingGenes,PEX16,,HRTAtlas,PMID32663312
HousekeepingGenes,OPTN,,HRTAtlas,PMID32663312
HousekeepingGenes,OPTN,,HRTAtlas,PMID32663312
HousekeepingGenes,API5,,HRTAtlas,PMID32663312
HousekeepingGenes,SDHAF1,,HRTAtlas,PMID32663312
HousekeepingGenes,DVL1,,HRTAtlas,PMID32663312
HousekeepingGenes,ATL2,,HRTAtlas,PMID32663312
HousekeepingGenes,TPT1,,HRTAtlas,PMID32663312
HousekeepingGenes,TPT1,,HRTAtlas,PMID32663312
HousekeepingGenes,NGRN,,HRTAtlas,PMID32663312
HousekeepingGenes,E2F4,,HRTAtlas,PMID32663312
HousekeepingGenes,WBP4,,HRTAtlas,PMID32663312
HousekeepingGenes,NFX1,,HRTAtlas,PMID32663312
HousekeepingGenes,TMEM14B,,HRTAtlas,PMID32663312
HousekeepingGenes,EIF1AX,,HRTAtlas,PMID32663312
HousekeepingGenes,REEP5,,HRTAtlas,PMID32663312
HousekeepingGenes,MRPL33,,HRTAtlas,PMID32663312
HousekeepingGenes,BAG1,,HRTAtlas,PMID32663312
HousekeepingGenes,IPO7,,HRTAtlas,PMID32663312
HousekeepingGenes,CENPB,,HRTAtlas,PMID32663312
HousekeepingGenes,PDHA1,,HRTAtlas,PMID32663312
HousekeepingGenes,NDUFB6,,HRTAtlas,PMID32663312
HousekeepingGenes,NRBP1,,HRTAtlas,PMID32663312
HousekeepingGenes,RBM17,,HRTAtlas,PMID32663312
HousekeepingGenes,SYAP1,,HRTAtlas,PMID32663312
HousekeepingGenes,GDI2,,HRTAtlas,PMID32663312
HousekeepingGenes,U2AF1,,HRTAtlas,PMID32663312
HousekeepingGenes,CIAO2A,,HRTAtlas,PMID32663312
HousekeepingGenes,MRPS26,,HRTAtlas,PMID32663312
HousekeepingGenes,TBCA,,HRTAtlas,PMID32663312
HousekeepingGenes,RPS6,,HRTAtlas,PMID32663312
HousekeepingGenes,RPS6,,HRTAtlas,PMID32663312
HousekeepingGenes,ZNF768,,HRTAtlas,PMID32663312
HousekeepingGenes,VPS16,,HRTAtlas,PMID32663312
HousekeepingGenes,SLTM,,HRTAtlas,PMID32663312
HousekeepingGenes,RRAGA,,HRTAtlas,PMID32663312
HousekeepingGenes,NAP1L4,,HRTAtlas,PMID32663312
HousekeepingGenes,BTF3,,HRTAtlas,PMID32663312
HousekeepingGenes,BNIP3L,,HRTAtlas,PMID32663312
HousekeepingGenes,TMSB4X,,HRTAtlas,PMID32663312
HousekeepingGenes,HADHA,,HRTAtlas,PMID32663312
HousekeepingGenes,UBL3,,HRTAtlas,PMID32663312
HousekeepingGenes,WRNIP1,,HRTAtlas,PMID32663312
HousekeepingGenes,WRNIP1,,HRTAtlas,PMID32663312
HousekeepingGenes,SBF1,,HRTAtlas,PMID32663312
HousekeepingGenes,IDH3B,,HRTAtlas,PMID32663312
HousekeepingGenes,GTF3A,,HRTAtlas,PMID32663312
HousekeepingGenes,CD99,,HRTAtlas,PMID32663312
HousekeepingGenes,RDH14,,HRTAtlas,PMID32663312
HousekeepingGenes,TMEM165,,HRTAtlas,PMID32663312
HousekeepingGenes,SNRPB,,HRTAtlas,PMID32663312
HousekeepingGenes,SLC25A6,,HRTAtlas,PMID32663312
HousekeepingGenes,MRPL23,,HRTAtlas,PMID32663312
HousekeepingGenes,SON,,HRTAtlas,PMID32663312
HousekeepingGenes,SON,,HRTAtlas,PMID32663312
HousekeepingGenes,FKBP1A,,HRTAtlas,PMID32663312
HousekeepingGenes,NUP58,,HRTAtlas,PMID32663312
HousekeepingGenes,AK3,,HRTAtlas,PMID32663312
HousekeepingGenes,CDC37L1,,HRTAtlas,PMID32663312
HousekeepingGenes,WIPI2,,HRTAtlas,PMID32663312
HousekeepingGenes,DEAF1,,HRTAtlas,PMID32663312
HousekeepingGenes,SAP18,,HRTAtlas,PMID32663312
HousekeepingGenes,MRFAP1,,HRTAtlas,PMID32663312
HousekeepingGenes,BET1L,,HRTAtlas,PMID32663312
HousekeepingGenes,CTBP1,,HRTAtlas,PMID32663312
HousekeepingGenes,RALBP1,,HRTAtlas,PMID32663312
HousekeepingGenes,HMCES,,HRTAtlas,PMID32663312
HousekeepingGenes,HSPD1,,HRTAtlas,PMID32663312
HousekeepingGenes,RNF20,,HRTAtlas,PMID32663312
HousekeepingGenes,SMYD5,,HRTAtlas,PMID32663312
HousekeepingGenes,RTF1,,HRTAtlas,PMID32663312
HousekeepingGenes,TSN,,HRTAtlas,PMID32663312
HousekeepingGenes,EXOSC8,,HRTAtlas,PMID32663312
HousekeepingGenes,HMCES,,HRTAtlas,PMID32663312
HousekeepingGenes,TMEM87A,,HRTAtlas,PMID32663312
HousekeepingGenes,CCNK,,HRTAtlas,PMID32663312
HousekeepingGenes,ACTN4,,HRTAtlas,PMID32663312
HousekeepingGenes,GAA,,HRTAtlas,PMID32663312
HousekeepingGenes,EID2,,HRTAtlas,PMID32663312
HousekeepingGenes,RPS9,,HRTAtlas,PMID32663312
HousekeepingGenes,RPS9,,HRTAtlas,PMID32663312
HousekeepingGenes,PPP2R1A,,HRTAtlas,PMID32663312
HousekeepingGenes,PRMT1,,HRTAtlas,PMID32663312
HousekeepingGenes,RPL13A,,HRTAtlas,PMID32663312
HousekeepingGenes,HDLBP,,HRTAtlas,PMID32663312
HousekeepingGenes,HDLBP,,HRTAtlas,PMID32663312
HousekeepingGenes,HNRNPUL1,,HRTAtlas,PMID32663312
HousekeepingGenes,AKT2,,HRTAtlas,PMID32663312
HousekeepingGenes,SIRT2,,HRTAtlas,PMID32663312
HousekeepingGenes,DNAJB2,,HRTAtlas,PMID32663312
HousekeepingGenes,MPZL1,,HRTAtlas,PMID32663312
HousekeepingGenes,TMCO1,,HRTAtlas,PMID32663312
HousekeepingGenes,XRCC5,,HRTAtlas,PMID32663312
HousekeepingGenes,TCP1,,HRTAtlas,PMID32663312
HousekeepingGenes,SNX9,,HRTAtlas,PMID32663312
HousekeepingGenes,EEF1B2,,HRTAtlas,PMID32663312
HousekeepingGenes,EEF1B2,,HRTAtlas,PMID32663312
HousekeepingGenes,SUMO1,,HRTAtlas,PMID32663312
HousekeepingGenes,WDR45B,,HRTAtlas,PMID32663312
HousekeepingGenes,CCDC50,,HRTAtlas,PMID32663312
HousekeepingGenes,SRSF2,,HRTAtlas,PMID32663312
HousekeepingGenes,DYNLL1,,HRTAtlas,PMID32663312
HousekeepingGenes,RPLP0,,HRTAtlas,PMID32663312
HousekeepingGenes,HNRNPA3,,HRTAtlas,PMID32663312
HousekeepingGenes,MRPL47,,HRTAtlas,PMID32663312
HousekeepingGenes,RNF13,,HRTAtlas,PMID32663312
HousekeepingGenes,ZYX,,HRTAtlas,PMID32663312
HousekeepingGenes,RPL36A,,HRTAtlas,PMID32663312
HousekeepingGenes,RNF7,,HRTAtlas,PMID32663312
HousekeepingGenes,PTRH2,,HRTAtlas,PMID32663312
HousekeepingGenes,MTPN,,HRTAtlas,PMID32663312
HousekeepingGenes,CUL5,,HRTAtlas,PMID32663312
HousekeepingGenes,NME2,,HRTAtlas,PMID32663312
HousekeepingGenes,LUC7L3,,HRTAtlas,PMID32663312
HousekeepingGenes,NAP1L1,,HRTAtlas,PMID32663312
HousekeepingGenes,HPF1,,HRTAtlas,PMID32663312
HousekeepingGenes,PRCP,,HRTAtlas,PMID32663312
HousekeepingGenes,GOSR2,,HRTAtlas,PMID32663312
HousekeepingGenes,IRF2,,HRTAtlas,PMID32663312
HousekeepingGenes,FAM50A,,HRTAtlas,PMID32663312
HousekeepingGenes,KEAP1,,HRTAtlas,PMID32663312
HousekeepingGenes,GOLGB1,,HRTAtlas,PMID32663312
HousekeepingGenes,NUMA1,,HRTAtlas,PMID32663312
HousekeepingGenes,ERGIC1,,HRTAtlas,PMID32663312
HousekeepingGenes,COASY,,HRTAtlas,PMID32663312
HousekeepingGenes,NPM1,,HRTAtlas,PMID32663312
HousekeepingGenes,NACA,,HRTAtlas,PMID32663312
HousekeepingGenes,CNP,,HRTAtlas,PMID32663312
HousekeepingGenes,GNB2,,HRTAtlas,PMID32663312
HousekeepingGenes,TSC22D4,,HRTAtlas,PMID32663312
HousekeepingGenes,ESYT1,,HRTAtlas,PMID32663312
HousekeepingGenes,RPL24,,HRTAtlas,PMID32663312
HousekeepingGenes,G3BP1,,HRTAtlas,PMID32663312
HousekeepingGenes,ATP5MF,,HRTAtlas,PMID32663312
HousekeepingGenes,CHD2,,HRTAtlas,PMID32663312
HousekeepingGenes,MIEN1,,HRTAtlas,PMID32663312
HousekeepingGenes,FAM122A,,HRTAtlas,PMID32663312
HousekeepingGenes,RPL23,,HRTAtlas,PMID32663312
HousekeepingGenes,UGP2,,HRTAtlas,PMID32663312
HousekeepingGenes,LARS,,HRTAtlas,PMID32663312
HousekeepingGenes,CCT4,,HRTAtlas,PMID32663312
HousekeepingGenes,GTF2F1,,HRTAtlas,PMID32663312
HousekeepingGenes,RPL36,,HRTAtlas,PMID32663312
HousekeepingGenes,RPL34,,HRTAtlas,PMID32663312
HousekeepingGenes,RPL34,,HRTAtlas,PMID32663312
HousekeepingGenes,UBE2D3,,HRTAtlas,PMID32663312
HousekeepingGenes,UBE2D3,,HRTAtlas,PMID32663312
HousekeepingGenes,MAP2K2,,HRTAtlas,PMID32663312
HousekeepingGenes,CDC23,,HRTAtlas,PMID32663312
HousekeepingGenes,FLOT2,,HRTAtlas,PMID32663312
HousekeepingGenes,RPL8,,HRTAtlas,PMID32663312
HousekeepingGenes,RPL23A,,HRTAtlas,PMID32663312
HousekeepingGenes,PSAP,,HRTAtlas,PMID32663312
HousekeepingGenes,BCKDK,,HRTAtlas,PMID32663312
HousekeepingGenes,VKORC1,,HRTAtlas,PMID32663312
HousekeepingGenes,VDAC1,,HRTAtlas,PMID32663312
HousekeepingGenes,VDAC1,,HRTAtlas,PMID32663312
HousekeepingGenes,GRINA,,HRTAtlas,PMID32663312
HousekeepingGenes,EEF1D,,HRTAtlas,PMID32663312
HousekeepingGenes,ALDOA,,HRTAtlas,PMID32663312
HousekeepingGenes,CELF1,,HRTAtlas,PMID32663312
HousekeepingGenes,KTN1,,HRTAtlas,PMID32663312
HousekeepingGenes,CHCHD2,,HRTAtlas,PMID32663312
HousekeepingGenes,QRICH1,,HRTAtlas,PMID32663312
HousekeepingGenes,MAPK1IP1L,,HRTAtlas,PMID32663312
HousekeepingGenes,ATP5F1D,,HRTAtlas,PMID32663312
HousekeepingGenes,PURB,,HRTAtlas,PMID32663312
HousekeepingGenes,G3BP2,,HRTAtlas,PMID32663312
HousekeepingGenes,MAP4,,HRTAtlas,PMID32663312
HousekeepingGenes,EBAG9,,HRTAtlas,PMID32663312
HousekeepingGenes,MPRIP,,HRTAtlas,PMID32663312
HousekeepingGenes,CD59,,HRTAtlas,PMID32663312
HousekeepingGenes,YWHAZ,,HRTAtlas,PMID32663312
HousekeepingGenes,METTL9,,HRTAtlas,PMID32663312
HousekeepingGenes,MOB1A,,HRTAtlas,PMID32663312
HousekeepingGenes,RPL30,,HRTAtlas,PMID32663312
HousekeepingGenes,HERPUD2,,HRTAtlas,PMID32663312
HousekeepingGenes,CTNNB1,,HRTAtlas,PMID32663312
HousekeepingGenes,CTNNB1,,HRTAtlas,PMID32663312
HousekeepingGenes,RPL14,,HRTAtlas,PMID32663312
HousekeepingGenes,TAX1BP1,,HRTAtlas,PMID32663312
HousekeepingGenes,RPL7,,HRTAtlas,PMID32663312
HousekeepingGenes,EIF4G2,,HRTAtlas,PMID32663312
HousekeepingGenes,SLC30A5,,HRTAtlas,PMID32663312
HousekeepingGenes,RPS8,,HRTAtlas,PMID32663312
HousekeepingGenes,ATF4,,HRTAtlas,PMID32663312
HousekeepingGenes,ATN1,,HRTAtlas,PMID32663312
HousekeepingGenes,TPI1,,HRTAtlas,PMID32663312
HousekeepingGenes,DDX17,,HRTAtlas,PMID32663312
HousekeepingGenes,GAPDH,,HRTAtlas,PMID32663312
HousekeepingGenes,GAPDH,,HRTAtlas,PMID32663312
HousekeepingGenes,UBE2G1,,HRTAtlas,PMID32663312
HousekeepingGenes,GPAT4,,HRTAtlas,PMID32663312
HousekeepingGenes,EIF3B,,HRTAtlas,PMID32663312
HousekeepingGenes,PRKAA1,,HRTAtlas,PMID32663312
HousekeepingGenes,SMU1,,HRTAtlas,PMID32663312
HousekeepingGenes,PAFAH1B1,,HRTAtlas,PMID32663312
HousekeepingGenes,AGAP3,,HRTAtlas,PMID32663312
HousekeepingGenes,DEK,,HRTAtlas,PMID32663312
HousekeepingGenes,PLAA,,HRTAtlas,PMID32663312
HousekeepingGenes,DDX51,,HRTAtlas,PMID32663312
HousekeepingGenes,HAGH,,HRTAtlas,PMID32663312
HousekeepingGenes,MRPS34,,HRTAtlas,PMID32663312
HousekeepingGenes,UBE2I,,HRTAtlas,PMID32663312
HousekeepingGenes,STK24,,HRTAtlas,PMID32663312
HousekeepingGenes,MORC2,,HRTAtlas,PMID32663312
HousekeepingGenes,RAB2B,,HRTAtlas,PMID32663312
HousekeepingGenes,PQLC1,,HRTAtlas,PMID32663312
HousekeepingGenes,MED13,,HRTAtlas,PMID32663312
HousekeepingGenes,INTS10,,HRTAtlas,PMID32663312
HousekeepingGenes,PIP4P1,,HRTAtlas,PMID32663312
HousekeepingGenes,TMBIM4,,HRTAtlas,PMID32663312
HousekeepingGenes,CTDSP2,,HRTAtlas,PMID32663312
HousekeepingGenes,ADD1,,HRTAtlas,PMID32663312
HousekeepingGenes,KHSRP,,HRTAtlas,PMID32663312
HousekeepingGenes,HDDC2,,HRTAtlas,PMID32663312
HousekeepingGenes,CST3,,HRTAtlas,PMID32663312
HousekeepingGenes,RBM4,,HRTAtlas,PMID32663312
HousekeepingGenes,SHARPIN,,HRTAtlas,PMID32663312
HousekeepingGenes,UBE2D2,,HRTAtlas,PMID32663312
HousekeepingGenes,TOMM6,,HRTAtlas,PMID32663312
HousekeepingGenes,TOMM6,,HRTAtlas,PMID32663312
HousekeepingGenes,CRK,,HRTAtlas,PMID32663312
HousekeepingGenes,LCMT1,,HRTAtlas,PMID32663312
HousekeepingGenes,C4orf3,,HRTAtlas,PMID32663312
HousekeepingGenes,ALKBH5,,HRTAtlas,PMID32663312
HousekeepingGenes,SMIM11A,,HRTAtlas,PMID32663312
HousekeepingGenes,MRPS6,,HRTAtlas,PMID32663312
HousekeepingGenes,TINF2,,HRTAtlas,PMID32663312
HousekeepingGenes,HMGB1,,HRTAtlas,PMID32663312
HousekeepingGenes,HMGB1,,HRTAtlas,PMID32663312
HousekeepingGenes,C22orf39,,HRTAtlas,PMID32663312
HousekeepingGenes,C22orf39,,HRTAtlas,PMID32663312
HousekeepingGenes,POLR1D,,HRTAtlas,PMID32663312
HousekeepingGenes,POLR1D,,HRTAtlas,PMID32663312
HousekeepingGenes,DDX3X,,HRTAtlas,PMID32663312
HousekeepingGenes,VAPA,,HRTAtlas,PMID32663312
HousekeepingGenes,ATP5PF,,HRTAtlas,PMID32663312
HousekeepingGenes,ATP5PF,,HRTAtlas,PMID32663312
HousekeepingGenes,FKBP1A,,HRTAtlas,PMID32663312
HousekeepingGenes,CDC42,,HRTAtlas,PMID32663312
HousekeepingGenes,CCNL2,,HRTAtlas,PMID32663312
HousekeepingGenes,RPRD2,,HRTAtlas,PMID32663312
HousekeepingGenes,UQCR10,,HRTAtlas,PMID32663312
HousekeepingGenes,PPP6R2,,HRTAtlas,PMID32663312
HousekeepingGenes,RPS14,,HRTAtlas,PMID32663312
HousekeepingGenes,THAP4,,HRTAtlas,PMID32663312
HousekeepingGenes,RPS27A,,HRTAtlas,PMID32663312
HousekeepingGenes,CEBPZOS,,HRTAtlas,PMID32663312
HousekeepingGenes,RANBP1,,HRTAtlas,PMID32663312
HousekeepingGenes,BUD31,,HRTAtlas,PMID32663312
HousekeepingGenes,UBE2I,,HRTAtlas,PMID32663312
HousekeepingGenes,IFRD1,,HRTAtlas,PMID32663312
HousekeepingGenes,BAZ1B,,HRTAtlas,PMID32663312
HousekeepingGenes,ARHGAP35,,HRTAtlas,PMID32663312
HousekeepingGenes,PSMG3,,HRTAtlas,PMID32663312
HousekeepingGenes,RPS27A,,HRTAtlas,PMID32663312
HousekeepingGenes,NT5C2,,HRTAtlas,PMID32663312
HousekeepingGenes,VAMP2,,HRTAtlas,PMID32663312
HousekeepingGenes,TAPT1,,HRTAtlas,PMID32663312
HousekeepingGenes,EIF3D,,HRTAtlas,PMID32663312
HousekeepingGenes,ATRAID,,HRTAtlas,PMID32663312
HousekeepingGenes,RPL10,,HRTAtlas,PMID32663312
HousekeepingGenes,RELA,,HRTAtlas,PMID32663312
HousekeepingGenes,RMDN1,,HRTAtlas,PMID32663312
HousekeepingGenes,COMT,,HRTAtlas,PMID32663312
HousekeepingGenes,ILF3,,HRTAtlas,PMID32663312
HousekeepingGenes,PPP1R7,,HRTAtlas,PMID32663312
HousekeepingGenes,THAP4,,HRTAtlas,PMID32663312
HousekeepingGenes,CYB5R3,,HRTAtlas,PMID32663312
HousekeepingGenes,SMARCB1,,HRTAtlas,PMID32663312
HousekeepingGenes,ELAVL1,,HRTAtlas,PMID32663312
HousekeepingGenes,AKT1,,HRTAtlas,PMID32663312
HousekeepingGenes,SETD5,,HRTAtlas,PMID32663312
HousekeepingGenes,NGDN,,HRTAtlas,PMID32663312
HousekeepingGenes,CCNL2,,HRTAtlas,PMID32663312
HousekeepingGenes,RPL31,,HRTAtlas,PMID32663312
HousekeepingGenes,CUL3,,HRTAtlas,PMID32663312
HousekeepingGenes,PTMA,,HRTAtlas,PMID32663312
HousekeepingGenes,AGFG1,,HRTAtlas,PMID32663312
HousekeepingGenes,FAM168B,,HRTAtlas,PMID32663312
HousekeepingGenes,RPL31,,HRTAtlas,PMID32663312
HousekeepingGenes,CYCS,,HRTAtlas,PMID32663312
HousekeepingGenes,VPS54,,HRTAtlas,PMID32663312
HousekeepingGenes,BZW1,,HRTAtlas,PMID32663312
HousekeepingGenes,SERF2,,HRTAtlas,PMID32663312
HousekeepingGenes,PSMD14,,HRTAtlas,PMID32663312
HousekeepingGenes,RPL31,,HRTAtlas,PMID32663312
HousekeepingGenes,PLD3,,HRTAtlas,PMID32663312
HousekeepingGenes,RAB1A,,HRTAtlas,PMID32663312
HousekeepingGenes,KCMF1,,HRTAtlas,PMID32663312
HousekeepingGenes,ELOB,,HRTAtlas,PMID32663312
HousekeepingGenes,TBC1D10B,,HRTAtlas,PMID32663312
HousekeepingGenes,PRPF40A,,HRTAtlas,PMID32663312
HousekeepingGenes,R3HCC1,,HRTAtlas,PMID32663312
HousekeepingGenes,HNRNPA3,,HRTAtlas,PMID32663312
HousekeepingGenes,SMIM26,,HRTAtlas,PMID32663312
HousekeepingGenes,ST13,,HRTAtlas,PMID32663312
HousekeepingGenes,USP34,,HRTAtlas,PMID32663312
HousekeepingGenes,RPL15,,HRTAtlas,PMID32663312
HousekeepingGenes,GNB2,,HRTAtlas,PMID32663312
HousekeepingGenes,HLA-B,,HRTAtlas,PMID32663312
HousekeepingGenes,PPP6R1,,HRTAtlas,PMID32663312
HousekeepingGenes,PWP1,,HRTAtlas,PMID32663312
HousekeepingGenes,SDCBP,,HRTAtlas,PMID32663312
HousekeepingGenes,RNF10,,HRTAtlas,PMID32663312
HousekeepingGenes,ERVK3-1,,HRTAtlas,PMID32663312
HousekeepingGenes,RPL15,,HRTAtlas,PMID32663312
HousekeepingGenes,SMIM19,,HRTAtlas,PMID32663312
HousekeepingGenes,MEPCE,,HRTAtlas,PMID32663312
HousekeepingGenes,SNRPE,,HRTAtlas,PMID32663312
HousekeepingGenes,SS18,,HRTAtlas,PMID32663312
HousekeepingGenes,P4HB,,HRTAtlas,PMID32663312
HousekeepingGenes,GPI,,HRTAtlas,PMID32663312
HousekeepingGenes,NOP14,,HRTAtlas,PMID32663312
HousekeepingGenes,TXN2,,HRTAtlas,PMID32663312
HousekeepingGenes,IK,,HRTAtlas,PMID32663312
HousekeepingGenes,RHOA,,HRTAtlas,PMID32663312
HousekeepingGenes,ELOA,,HRTAtlas,PMID32663312
HousekeepingGenes,COPS6,,HRTAtlas,PMID32663312
HousekeepingGenes,PHB,,HRTAtlas,PMID32663312
HousekeepingGenes,DUSP22,,HRTAtlas,PMID32663312
HousekeepingGenes,PDCD5,,HRTAtlas,PMID32663312
HousekeepingGenes,EIF5A,,HRTAtlas,PMID32663312
HousekeepingGenes,GPX1,,HRTAtlas,PMID32663312
HousekeepingGenes,STRAP,,HRTAtlas,PMID32663312
HousekeepingGenes,CDV3,,HRTAtlas,PMID32663312
HousekeepingGenes,SCYL1,,HRTAtlas,PMID32663312
HousekeepingGenes,CRTC3,,HRTAtlas,PMID32663312
HousekeepingGenes,EIF4B,,HRTAtlas,PMID32663312
HousekeepingGenes,SUMO2,,HRTAtlas,PMID32663312
HousekeepingGenes,CD63,,HRTAtlas,PMID32663312
HousekeepingGenes,LENG8,,HRTAtlas,PMID32663312
HousekeepingGenes,USP48,,HRTAtlas,PMID32663312
HousekeepingGenes,GOLGA2,,HRTAtlas,PMID32663312
HousekeepingGenes,INPP5K,,HRTAtlas,PMID32663312
HousekeepingGenes,TMEM41A,,HRTAtlas,PMID32663312
HousekeepingGenes,PDHA1,,HRTAtlas,PMID32663312
HousekeepingGenes,CIAO2B,,HRTAtlas,PMID32663312
HousekeepingGenes,CNBP,,HRTAtlas,PMID32663312
HousekeepingGenes,RPS3,,HRTAtlas,PMID32663312
HousekeepingGenes,RPL23A,,HRTAtlas,PMID32663312
HousekeepingGenes,GLG1,,HRTAtlas,PMID32663312
HousekeepingGenes,ANXA11,,HRTAtlas,PMID32663312
HousekeepingGenes,MORF4L2,,HRTAtlas,PMID32663312
HousekeepingGenes,EIF2B1,,HRTAtlas,PMID32663312
HousekeepingGenes,MMP24OS,,HRTAtlas,PMID32663312
HousekeepingGenes,SF3B1,,HRTAtlas,PMID32663312
HousekeepingGenes,RNF216,,HRTAtlas,PMID32663312
HousekeepingGenes,LDB1,,HRTAtlas,PMID32663312
HousekeepingGenes,ISOC2,,HRTAtlas,PMID32663312
HousekeepingGenes,TSTA3,,HRTAtlas,PMID32663312
HousekeepingGenes,SHISA5,,HRTAtlas,PMID32663312
HousekeepingGenes,VEGFB,,HRTAtlas,PMID32663312
HousekeepingGenes,SNX3,,HRTAtlas,PMID32663312
HousekeepingGenes,APRT,,HRTAtlas,PMID32663312
HousekeepingGenes,ARFGAP2,,HRTAtlas,PMID32663312
HousekeepingGenes,SP1,,HRTAtlas,PMID32663312
HousekeepingGenes,DNAJC7,,HRTAtlas,PMID32663312
HousekeepingGenes,HUWE1,,HRTAtlas,PMID32663312
HousekeepingGenes,FTSJ3,,HRTAtlas,PMID32663312
HousekeepingGenes,AARSD1,,HRTAtlas,PMID32663312
HousekeepingGenes,FBXO21,,HRTAtlas,PMID32663312
HousekeepingGenes,PMPCB,,HRTAtlas,PMID32663312
HousekeepingGenes,OTUB1,,HRTAtlas,PMID32663312
HousekeepingGenes,ABHD4,,HRTAtlas,PMID32663312
HousekeepingGenes,UBAP2L,,HRTAtlas,PMID32663312
HousekeepingGenes,DNAJB6,,HRTAtlas,PMID32663312
HousekeepingGenes,LY6E,,HRTAtlas,PMID32663312
HousekeepingGenes,MPRIP,,HRTAtlas,PMID32663312
HousekeepingGenes,CACTIN,,HRTAtlas,PMID32663312
HousekeepingGenes,MAP4,,HRTAtlas,PMID32663312
HousekeepingGenes,MYCBP2,,HRTAtlas,PMID32663312
HousekeepingGenes,CHID1,,HRTAtlas,PMID32663312
HousekeepingGenes,OST4,,HRTAtlas,PMID32663312
HousekeepingGenes,GALNT11,,HRTAtlas,PMID32663312
HousekeepingGenes,TBL1XR1,,HRTAtlas,PMID32663312
HousekeepingGenes,HNRNPC,,HRTAtlas,PMID32663312
HousekeepingGenes,NDUFAF8,,HRTAtlas,PMID32663312
HousekeepingGenes,RBMX,,HRTAtlas,PMID32663312
HousekeepingGenes,CDV3,,HRTAtlas,PMID32663312
HousekeepingGenes,MED19,,HRTAtlas,PMID32663312
HousekeepingGenes,DELE1,,HRTAtlas,PMID32663312
HousekeepingGenes,AKIRIN1,,HRTAtlas,PMID32663312
HousekeepingGenes,PET117,,HRTAtlas,PMID32663312
HousekeepingGenes,TMEM127,,HRTAtlas,PMID32663312
HousekeepingGenes,ZBED5,,HRTAtlas,PMID32663312
HousekeepingGenes,PCYOX1,,HRTAtlas,PMID32663312
HousekeepingGenes,PPT1,,HRTAtlas,PMID32663312
HousekeepingGenes,LSM14A,,HRTAtlas,PMID32663312
HousekeepingGenes,HSBP1,,HRTAtlas,PMID32663312
HousekeepingGenes,AKR1A1,,HRTAtlas,PMID32663312
HousekeepingGenes,TAPBP,,HRTAtlas,PMID32663312
HousekeepingGenes,SLC25A28,,HRTAtlas,PMID32663312
HousekeepingGenes,GSPT1,,HRTAtlas,PMID32663312
HousekeepingGenes,UBE2J1,,HRTAtlas,PMID32663312
HousekeepingGenes,MLF2,,HRTAtlas,PMID32663312
HousekeepingGenes,RPS24,,HRTAtlas,PMID32663312
HousekeepingGenes,TOR1AIP1,,HRTAtlas,PMID32663312
HousekeepingGenes,SMIM26,,HRTAtlas,PMID32663312
HousekeepingGenes,RPL32,,HRTAtlas,PMID32663312
HousekeepingGenes,CHID1,,HRTAtlas,PMID32663312
HousekeepingGenes,USP34,,HRTAtlas,PMID32663312
HousekeepingGenes,RPL10,,HRTAtlas,PMID32663312
HousekeepingGenes,PAIP1,,HRTAtlas,PMID32663312
HousekeepingGenes,GOLGA4,,HRTAtlas,PMID32663312
HousekeepingGenes,PABPC4,,HRTAtlas,PMID32663312
HousekeepingGenes,PARN,,HRTAtlas,PMID32663312
HousekeepingGenes,SNRPB,,HRTAtlas,PMID32663312
HousekeepingGenes,TMA7,,HRTAtlas,PMID32663312
HousekeepingGenes,HMGB2,,HRTAtlas,PMID32663312
HousekeepingGenes,PNISR,,HRTAtlas,PMID32663312
HousekeepingGenes,PSMD2,,HRTAtlas,PMID32663312
HousekeepingGenes,RPL38,,HRTAtlas,PMID32663312
HousekeepingGenes,ZFP36L1,,HRTAtlas,PMID32663312
HousekeepingGenes,MRPL22,,HRTAtlas,PMID32663312
HousekeepingGenes,OGA,,HRTAtlas,PMID32663312
HousekeepingGenes,PCBP2,,HRTAtlas,PMID32663312
HousekeepingGenes,HERPUD1,,HRTAtlas,PMID32663312
HousekeepingGenes,CUTA,,HRTAtlas,PMID32663312
HousekeepingGenes,DLD,,HRTAtlas,PMID32663312
HousekeepingGenes,MORF4L2,,HRTAtlas,PMID32663312
HousekeepingGenes,FZR1,,HRTAtlas,PMID32663312
HousekeepingGenes,BAG6,,HRTAtlas,PMID32663312
HousekeepingGenes,AP2M1,,HRTAtlas,PMID32663312
HousekeepingGenes,UBA52,,HRTAtlas,PMID32663312
HousekeepingGenes,RALY,,HRTAtlas,PMID32663312
HousekeepingGenes,QSOX1,,HRTAtlas,PMID32663312
HousekeepingGenes,ZNF146,,HRTAtlas,PMID32663312
HousekeepingGenes,CRY2,,HRTAtlas,PMID32663312
HousekeepingGenes,AAMP,,HRTAtlas,PMID32663312
HousekeepingGenes,HCFC1,,HRTAtlas,PMID32663312
HousekeepingGenes,GOLGA4,,HRTAtlas,PMID32663312
HousekeepingGenes,PPP2R5C,,HRTAtlas,PMID32663312
HousekeepingGenes,PSMA2,,HRTAtlas,PMID32663312
HousekeepingGenes,BANF1,,HRTAtlas,PMID32663312
HousekeepingGenes,CCDC124,,HRTAtlas,PMID32663312
HousekeepingGenes,VPS52,,HRTAtlas,PMID32663312
HousekeepingGenes,UGP2,,HRTAtlas,PMID32663312
HousekeepingGenes,MORC2,,HRTAtlas,PMID32663312
HousekeepingGenes,DCAF11,,HRTAtlas,PMID32663312
HousekeepingGenes,COMMD7,,HRTAtlas,PMID32663312
HousekeepingGenes,RBM17,,HRTAtlas,PMID32663312
HousekeepingGenes,SDCBP,,HRTAtlas,PMID32663312
HousekeepingGenes,UBP1,,HRTAtlas,PMID32663312
HousekeepingGenes,NFYC,,HRTAtlas,PMID32663312
HousekeepingGenes,TECPR1,,HRTAtlas,PMID32663312
HousekeepingGenes,GDI1,,HRTAtlas,PMID32663312
HousekeepingGenes,DCTN4,,HRTAtlas,PMID32663312
HousekeepingGenes,NPIPB3,,HRTAtlas,PMID32663312
HousekeepingGenes,SMARCD2,,HRTAtlas,PMID32663312
HousekeepingGenes,TATDN2,,HRTAtlas,PMID32663312
HousekeepingGenes,CHTF8,,HRTAtlas,PMID32663312
HousekeepingGenes,RPL35A,,HRTAtlas,PMID32663312
HousekeepingGenes,AP2A2,,HRTAtlas,PMID32663312
HousekeepingGenes,HNRNPC,,HRTAtlas,PMID32663312
HousekeepingGenes,CRTAP,,HRTAtlas,PMID32663312
HousekeepingGenes,FAM89B,,HRTAtlas,PMID32663312
HousekeepingGenes,C11orf68,,HRTAtlas,PMID32663312
HousekeepingGenes,U2AF2,,HRTAtlas,PMID32663312
HousekeepingGenes,GOLGA3,,HRTAtlas,PMID32663312
HousekeepingGenes,TMSB4X,,HRTAtlas,PMID32663312
HousekeepingGenes,NOL7,,HRTAtlas,PMID32663312
HousekeepingGenes,PPIA,,HRTAtlas,PMID32663312
HousekeepingGenes,SEC22C,,HRTAtlas,PMID32663312
HousekeepingGenes,UBA1,,HRTAtlas,PMID32663312
HousekeepingGenes,CNBP,,HRTAtlas,PMID32663312
HousekeepingGenes,POLD2,,HRTAtlas,PMID32663312
HousekeepingGenes,RPL13,,HRTAtlas,PMID32663312
HousekeepingGenes,FBXW2,,HRTAtlas,PMID32663312
HousekeepingGenes,KCMF1,,HRTAtlas,PMID32663312
HousekeepingGenes,UBE2D3,,HRTAtlas,PMID32663312
HousekeepingGenes,SRSF10,,HRTAtlas,PMID32663312
HousekeepingGenes,GUK1,,HRTAtlas,PMID32663312
HousekeepingGenes,PLOD3,,HRTAtlas,PMID32663312
HousekeepingGenes,PRMT1,,HRTAtlas,PMID32663312
HousekeepingGenes,LZTS2,,HRTAtlas,PMID32663312
HousekeepingGenes,OTUD4,,HRTAtlas,PMID32663312
HousekeepingGenes,MCRIP1,,HRTAtlas,PMID32663312
HousekeepingGenes,SYPL1,,HRTAtlas,PMID32663312
HousekeepingGenes,ERP29,,HRTAtlas,PMID32663312
HousekeepingGenes,BSDC1,,HRTAtlas,PMID32663312
HousekeepingGenes,PUF60,,HRTAtlas,PMID32663312
HousekeepingGenes,RPL31,,HRTAtlas,PMID32663312
HousekeepingGenes,RPL37A,,HRTAtlas,PMID32663312
HousekeepingGenes,IPO9,,HRTAtlas,PMID32663312
HousekeepingGenes,OST4,,HRTAtlas,PMID32663312
HousekeepingGenes,SMIM12,,HRTAtlas,PMID32663312
HousekeepingGenes,TMED7,,HRTAtlas,PMID32663312
HousekeepingGenes,RPL32,,HRTAtlas,PMID32663312
HousekeepingGenes,DNAJC7,,HRTAtlas,PMID32663312
HousekeepingGenes,YWHAZ,,HRTAtlas,PMID32663312
HousekeepingGenes,TMED4,,HRTAtlas,PMID32663312
HousekeepingGenes,DHX30,,HRTAtlas,PMID32663312
HousekeepingGenes,PTP4A2,,HRTAtlas,PMID32663312
HousekeepingGenes,SNX27,,HRTAtlas,PMID32663312
HousekeepingGenes,CDKN2AIPNL,,HRTAtlas,PMID32663312
HousekeepingGenes,AGFG1,,HRTAtlas,PMID32663312
HousekeepingGenes,RPL11,,HRTAtlas,PMID32663312
HousekeepingGenes,RPSA,,HRTAtlas,PMID32663312
HousekeepingGenes,RPL10,,HRTAtlas,PMID32663312
HousekeepingGenes,UBE2L3,,HRTAtlas,PMID32663312
HousekeepingGenes,BCAP31,,HRTAtlas,PMID32663312
HousekeepingGenes,CDS2,,HRTAtlas,PMID32663312
HousekeepingGenes,MTCH1,,HRTAtlas,PMID32663312
HousekeepingGenes,BAP1,,HRTAtlas,PMID32663312
HousekeepingGenes,AGAP3,,HRTAtlas,PMID32663312
HousekeepingGenes,YIPF6,,HRTAtlas,PMID32663312
HousekeepingGenes,RPL35A,,HRTAtlas,PMID32663312
HousekeepingGenes,RAB9A,,HRTAtlas,PMID32663312
HousekeepingGenes,TMCO1,,HRTAtlas,PMID32663312
HousekeepingGenes,RPS24,,HRTAtlas,PMID32663312
HousekeepingGenes,ANP32A,,HRTAtlas,PMID32663312
HousekeepingGenes,ATP5IF1,,HRTAtlas,PMID32663312
HousekeepingGenes,SRPRB,,HRTAtlas,PMID32663312
HousekeepingGenes,SPOUT1,,HRTAtlas,PMID32663312
HousekeepingGenes,SAP18,,HRTAtlas,PMID32663312
HousekeepingGenes,RPL13A,,HRTAtlas,PMID32663312
HousekeepingGenes,TCEAL4,,HRTAtlas,PMID32663312
HousekeepingGenes,PPIA,,HRTAtlas,PMID32663312
HousekeepingGenes,EIF1,,HRTAtlas,PMID32663312
HousekeepingGenes,BAP1,,HRTAtlas,PMID32663312
HousekeepingGenes,RBM5,,HRTAtlas,PMID32663312
HousekeepingGenes,FAM162A,,HRTAtlas,PMID32663312
HousekeepingGenes,POLR2F,,HRTAtlas,PMID32663312
HousekeepingGenes,EMC3,,HRTAtlas,PMID32663312
HousekeepingGenes,AKR1A1,,HRTAtlas,PMID32663312
HousekeepingGenes,SELENOT,,HRTAtlas,PMID32663312
HousekeepingGenes,TCEAL4,,HRTAtlas,PMID32663312
HousekeepingGenes,RHEB,,HRTAtlas,PMID32663312
HousekeepingGenes,PTEN,,HRTAtlas,PMID32663312
HousekeepingGenes,BTF3L4,,HRTAtlas,PMID32663312
HousekeepingGenes,AGAP3,,HRTAtlas,PMID32663312
HousekeepingGenes,CAMTA1,,HRTAtlas,PMID32663312
HousekeepingGenes,IDH3B,,HRTAtlas,PMID32663312
HousekeepingGenes,LMF2,,HRTAtlas,PMID32663312
HousekeepingGenes,RPS18,,HRTAtlas,PMID32663312
HousekeepingGenes,TFG,,HRTAtlas,PMID32663312
HousekeepingGenes,MRPS14,,HRTAtlas,PMID32663312
HousekeepingGenes,MRPL47,,HRTAtlas,PMID32663312
HousekeepingGenes,FAM162A,,HRTAtlas,PMID32663312
HousekeepingGenes,RPL23,,HRTAtlas,PMID32663312
HousekeepingGenes,GSTK1,,HRTAtlas,PMID32663312
HousekeepingGenes,TCAF1,,HRTAtlas,PMID32663312
HousekeepingGenes,SEC62,,HRTAtlas,PMID32663312
HousekeepingGenes,SELENOT,,HRTAtlas,PMID32663312
HousekeepingGenes,C6orf89,,HRTAtlas,PMID32663312
HousekeepingGenes,COX7B,,HRTAtlas,PMID32663312
HousekeepingGenes,RBM4,,HRTAtlas,PMID32663312
HousekeepingGenes,NDUFB4,,HRTAtlas,PMID32663312
HousekeepingGenes,SF1,,HRTAtlas,PMID32663312
HousekeepingGenes,SF3B1,,HRTAtlas,PMID32663312
HousekeepingGenes,CUTA,,HRTAtlas,PMID32663312
HousekeepingGenes,RER1,,HRTAtlas,PMID32663312
HousekeepingGenes,PPIA,,HRTAtlas,PMID32663312
HousekeepingGenes,PARK7,,HRTAtlas,PMID32663312
HousekeepingGenes,PARK7,,HRTAtlas,PMID32663312
HousekeepingGenes,RPL7L1,,HRTAtlas,PMID32663312
HousekeepingGenes,TCEAL4,,HRTAtlas,PMID32663312
HousekeepingGenes,SELENOK,,HRTAtlas,PMID32663312
HousekeepingGenes,S100A6,,HRTAtlas,PMID32663312
HousekeepingGenes,RPL22,,HRTAtlas,PMID32663312
HousekeepingGenes,SSBP1,,HRTAtlas,PMID32663312
HousekeepingGenes,PGAM5,,HRTAtlas,PMID32663312
HousekeepingGenes,LRPAP1,,HRTAtlas,PMID32663312
HousekeepingGenes,RPL41,,HRTAtlas,PMID32663312
HousekeepingGenes,TMEM167A,,HRTAtlas,PMID32663312
HousekeepingGenes,HMGXB3,,HRTAtlas,PMID32663312
HousekeepingGenes,SUB1,,HRTAtlas,PMID32663312
HousekeepingGenes,CNBP,,HRTAtlas,PMID32663312
HousekeepingGenes,SPCS3,,HRTAtlas,PMID32663312
HousekeepingGenes,CTBP1,,HRTAtlas,PMID32663312
HousekeepingGenes,SEC31A,,HRTAtlas,PMID32663312
HousekeepingGenes,RPL9,,HRTAtlas,PMID32663312
HousekeepingGenes,MRPL36,,HRTAtlas,PMID32663312
HousekeepingGenes,LUC7L3,,HRTAtlas,PMID32663312
HousekeepingGenes,GPBP1,,HRTAtlas,PMID32663312
HousekeepingGenes,LEMD2,,HRTAtlas,PMID32663312
HousekeepingGenes,RACK1,,HRTAtlas,PMID32663312
HousekeepingGenes,MRPS18C,,HRTAtlas,PMID32663312
HousekeepingGenes,MRPS30,,HRTAtlas,PMID32663312
HousekeepingGenes,PPID,,HRTAtlas,PMID32663312
HousekeepingGenes,UBE2B,,HRTAtlas,PMID32663312
HousekeepingGenes,DELE1,,HRTAtlas,PMID32663312
HousekeepingGenes,PDCD6,,HRTAtlas,PMID32663312
HousekeepingGenes,HNRNPDL,,HRTAtlas,PMID32663312
HousekeepingGenes,COPB2,,HRTAtlas,PMID32663312
HousekeepingGenes,RPS23,,HRTAtlas,PMID32663312
HousekeepingGenes,LEMD2,,HRTAtlas,PMID32663312
HousekeepingGenes,RPL37,,HRTAtlas,PMID32663312
HousekeepingGenes,CALCOCO2,,HRTAtlas,PMID32663312
HousekeepingGenes,RACK1,,HRTAtlas,PMID32663312
HousekeepingGenes,RPS3A,,HRTAtlas,PMID32663312
HousekeepingGenes,COPG1,,HRTAtlas,PMID32663312
HousekeepingGenes,RPS23,,HRTAtlas,PMID32663312
HousekeepingGenes,PFDN1,,HRTAtlas,PMID32663312
HousekeepingGenes,SPAG9,,HRTAtlas,PMID32663312
HousekeepingGenes,RPS23,,HRTAtlas,PMID32663312
HousekeepingGenes,NME2,,HRTAtlas,PMID32663312
HousekeepingGenes,RPS3A,,HRTAtlas,PMID32663312
HousekeepingGenes,FBXL5,,HRTAtlas,PMID32663312
HousekeepingGenes,CLCN3,,HRTAtlas,PMID32663312
HousekeepingGenes,ZBTB38,,HRTAtlas,PMID32663312
HousekeepingGenes,GPBP1,,HRTAtlas,PMID32663312
HousekeepingGenes,RACK1,,HRTAtlas,PMID32663312
HousekeepingGenes,CAMLG,,HRTAtlas,PMID32663312
HousekeepingGenes,PABPC1,,HRTAtlas,PMID32663312
HousekeepingGenes,SKP1,,HRTAtlas,PMID32663312
HousekeepingGenes,ZNF706,,HRTAtlas,PMID32663312
HousekeepingGenes,UQCRB,,HRTAtlas,PMID32663312
HousekeepingGenes,CCAR2,,HRTAtlas,PMID32663312
HousekeepingGenes,PABPC1,,HRTAtlas,PMID32663312
HousekeepingGenes,PABPC1,,HRTAtlas,PMID32663312
HousekeepingGenes,ATP6V0E1,,HRTAtlas,PMID32663312
HousekeepingGenes,RNF19A,,HRTAtlas,PMID32663312
HousekeepingGenes,ATXN7L3B,,HRTAtlas,PMID32663312
HousekeepingGenes,ZNF706,,HRTAtlas,PMID32663312
HousekeepingGenes,CCAR2,,HRTAtlas,PMID32663312
HousekeepingGenes,CCAR2,,HRTAtlas,PMID32663312
HousekeepingGenes,SKP1,,HRTAtlas,PMID32663312
HousekeepingGenes,RPL30,,HRTAtlas,PMID32663312
HousekeepingGenes,EIF3E,,HRTAtlas,PMID32663312
HousekeepingGenes,RPS14,,HRTAtlas,PMID32663312
HousekeepingGenes,SMIM12,,HRTAtlas,PMID32663312
HousekeepingGenes,NPM1,,HRTAtlas,PMID32663312
HousekeepingGenes,PCM1,,HRTAtlas,PMID32663312
HousekeepingGenes,PPP2CA,,HRTAtlas,PMID32663312
HousekeepingGenes,PABPC1,,HRTAtlas,PMID32663312
HousekeepingGenes,SKP1,,HRTAtlas,PMID32663312
HousekeepingGenes,PABPC1,,HRTAtlas,PMID32663312
HousekeepingGenes,PCM1,,HRTAtlas,PMID32663312
HousekeepingGenes,RPS20,,HRTAtlas,PMID32663312
HousekeepingGenes,RPL27A,,HRTAtlas,PMID32663312
HousekeepingGenes,ARFGAP2,,HRTAtlas,PMID32663312
HousekeepingGenes,RPS3,,HRTAtlas,PMID32663312
HousekeepingGenes,EIF3M,,HRTAtlas,PMID32663312
HousekeepingGenes,SLC39A13,,HRTAtlas,PMID32663312
HousekeepingGenes,C11orf98,,HRTAtlas,PMID32663312
HousekeepingGenes,CLNS1A,,HRTAtlas,PMID32663312
HousekeepingGenes,NDUFC2,,HRTAtlas,PMID32663312
HousekeepingGenes,CFL1,,HRTAtlas,PMID32663312
HousekeepingGenes,RPS13,,HRTAtlas,PMID32663312
HousekeepingGenes,EIF4G2,,HRTAtlas,PMID32663312
HousekeepingGenes,SELENOS,,HRTAtlas,PMID32663312
HousekeepingGenes,CD81,,HRTAtlas,PMID32663312
HousekeepingGenes,RIC8A,,HRTAtlas,PMID32663312
HousekeepingGenes,SPCS2,,HRTAtlas,PMID32663312
HousekeepingGenes,STIM1,,HRTAtlas,PMID32663312
HousekeepingGenes,RPS3,,HRTAtlas,PMID32663312
HousekeepingGenes,ATPAF1,,HRTAtlas,PMID32663312
HousekeepingGenes,EEF1D,,HRTAtlas,PMID32663312
HousekeepingGenes,TAF10,,HRTAtlas,PMID32663312
HousekeepingGenes,RPS3,,HRTAtlas,PMID32663312
HousekeepingGenes,RPS3,,HRTAtlas,PMID32663312
HousekeepingGenes,FAU,,HRTAtlas,PMID32663312
HousekeepingGenes,RPS25,,HRTAtlas,PMID32663312
HousekeepingGenes,RIC8A,,HRTAtlas,PMID32663312
HousekeepingGenes,NXF1,,HRTAtlas,PMID32663312
HousekeepingGenes,RPL8,,HRTAtlas,PMID32663312
HousekeepingGenes,PAFAH1B2,,HRTAtlas,PMID32663312
HousekeepingGenes,NDUFC2,,HRTAtlas,PMID32663312
HousekeepingGenes,CLNS1A,,HRTAtlas,PMID32663312
HousekeepingGenes,HSF1,,HRTAtlas,PMID32663312
HousekeepingGenes,KIAA0100,,HRTAtlas,PMID32663312
HousekeepingGenes,KDM2A,,HRTAtlas,PMID32663312
HousekeepingGenes,CKAP5,,HRTAtlas,PMID32663312
HousekeepingGenes,ARL2,,HRTAtlas,PMID32663312
HousekeepingGenes,FAU,,HRTAtlas,PMID32663312
HousekeepingGenes,RPS2,,HRTAtlas,PMID32663312
HousekeepingGenes,RPL27A,,HRTAtlas,PMID32663312
HousekeepingGenes,EID1,,HRTAtlas,PMID32663312
HousekeepingGenes,FAM89B,,HRTAtlas,PMID32663312
HousekeepingGenes,MTCH2,,HRTAtlas,PMID32663312
HousekeepingGenes,EEF1D,,HRTAtlas,PMID32663312
HousekeepingGenes,TPT1,,HRTAtlas,PMID32663312
HousekeepingGenes,BRK1,,HRTAtlas,PMID32663312
HousekeepingGenes,RPLP2,,HRTAtlas,PMID32663312
HousekeepingGenes,SF3B2,,HRTAtlas,PMID32663312
HousekeepingGenes,NXF1,,HRTAtlas,PMID32663312
HousekeepingGenes,RPL27A,,HRTAtlas,PMID32663312
HousekeepingGenes,PICALM,,HRTAtlas,PMID32663312
HousekeepingGenes,RPL27A,,HRTAtlas,PMID32663312
HousekeepingGenes,MAP3K11,,HRTAtlas,PMID32663312
HousekeepingGenes,ATP6V0B,,HRTAtlas,PMID32663312
HousekeepingGenes,SPCS2,,HRTAtlas,PMID32663312
HousekeepingGenes,RPL8,,HRTAtlas,PMID32663312
HousekeepingGenes,CTSB,,HRTAtlas,PMID32663312
HousekeepingGenes,RPL38,,HRTAtlas,PMID32663312
HousekeepingGenes,SAMD1,,HRTAtlas,PMID32663312
HousekeepingGenes,VPS28,,HRTAtlas,PMID32663312
HousekeepingGenes,UBXN1,,HRTAtlas,PMID32663312
HousekeepingGenes,ARCN1,,HRTAtlas,PMID32663312
HousekeepingGenes,SELENOH,,HRTAtlas,PMID32663312
HousekeepingGenes,EEF1D,,HRTAtlas,PMID32663312
HousekeepingGenes,GRINA,,HRTAtlas,PMID32663312
HousekeepingGenes,SH3GLB1,,HRTAtlas,PMID32663312
HousekeepingGenes,NAP1L1,,HRTAtlas,PMID32663312
HousekeepingGenes,ACTR3,,HRTAtlas,PMID32663312
HousekeepingGenes,TRMT112,,HRTAtlas,PMID32663312
HousekeepingGenes,MYL6,,HRTAtlas,PMID32663312
HousekeepingGenes,MYL12A,,HRTAtlas,PMID32663312
HousekeepingGenes,C12orf57,,HRTAtlas,PMID32663312
HousekeepingGenes,ARMCX3,,HRTAtlas,PMID32663312
HousekeepingGenes,TMEM258,,HRTAtlas,PMID32663312
HousekeepingGenes,USP22,,HRTAtlas,PMID32663312
HousekeepingGenes,SH2B1,,HRTAtlas,PMID32663312
HousekeepingGenes,MCRIP1,,HRTAtlas,PMID32663312
HousekeepingGenes,OTUB1,,HRTAtlas,PMID32663312
HousekeepingGenes,CDK2AP1,,HRTAtlas,PMID32663312
HousekeepingGenes,PSMA5,,HRTAtlas,PMID32663312
HousekeepingGenes,UBC,,HRTAtlas,PMID32663312
HousekeepingGenes,DUS1L,,HRTAtlas,PMID32663312
HousekeepingGenes,MNAT1,,HRTAtlas,PMID32663312
HousekeepingGenes,TRMT112,,HRTAtlas,PMID32663312
HousekeepingGenes,PCSK7,,HRTAtlas,PMID32663312
HousekeepingGenes,TRAPPC1,,HRTAtlas,PMID32663312
HousekeepingGenes,SEPT9,,HRTAtlas,PMID32663312
HousekeepingGenes,PWP1,,HRTAtlas,PMID32663312
HousekeepingGenes,SDHAF2,,HRTAtlas,PMID32663312
HousekeepingGenes,DUS1L,,HRTAtlas,PMID32663312
HousekeepingGenes,TMBIM4,,HRTAtlas,PMID32663312
HousekeepingGenes,NPIPB3,,HRTAtlas,PMID32663312
HousekeepingGenes,MRPL51,,HRTAtlas,PMID32663312
HousekeepingGenes,CCT4,,HRTAtlas,PMID32663312
HousekeepingGenes,LSM14A,,HRTAtlas,PMID32663312
HousekeepingGenes,MYCBP2,,HRTAtlas,PMID32663312
HousekeepingGenes,TMBIM4,,HRTAtlas,PMID32663312
HousekeepingGenes,CAND1,,HRTAtlas,PMID32663312
HousekeepingGenes,H2AFJ,,HRTAtlas,PMID32663312
HousekeepingGenes,MAZ,,HRTAtlas,PMID32663312
HousekeepingGenes,CAND1,,HRTAtlas,PMID32663312
HousekeepingGenes,CLPTM1,,HRTAtlas,PMID32663312
HousekeepingGenes,NACA,,HRTAtlas,PMID32663312
HousekeepingGenes,CALCOCO1,,HRTAtlas,PMID32663312
HousekeepingGenes,PCBP2,,HRTAtlas,PMID32663312
HousekeepingGenes,HNRNPA1,,HRTAtlas,PMID32663312
HousekeepingGenes,RPL41,,HRTAtlas,PMID32663312
HousekeepingGenes,CD63,,HRTAtlas,PMID32663312
HousekeepingGenes,TRIAP1,,HRTAtlas,PMID32663312
HousekeepingGenes,RPLP0,,HRTAtlas,PMID32663312
HousekeepingGenes,HNRNPA1,,HRTAtlas,PMID32663312
HousekeepingGenes,MYL6,,HRTAtlas,PMID32663312
HousekeepingGenes,NAP1L1,,HRTAtlas,PMID32663312
HousekeepingGenes,HNRNPA1,,HRTAtlas,PMID32663312
HousekeepingGenes,NAP1L1,,HRTAtlas,PMID32663312
HousekeepingGenes,PCBP2,,HRTAtlas,PMID32663312
HousekeepingGenes,NAP1L1,,HRTAtlas,PMID32663312
HousekeepingGenes,DCTN2,,HRTAtlas,PMID32663312
HousekeepingGenes,CALCOCO1,,HRTAtlas,PMID32663312
HousekeepingGenes,MYL6,,HRTAtlas,PMID32663312
HousekeepingGenes,MYL6,,HRTAtlas,PMID32663312
HousekeepingGenes,CD63,,HRTAtlas,PMID32663312
HousekeepingGenes,RPL18,,HRTAtlas,PMID32663312
HousekeepingGenes,NACA,,HRTAtlas,PMID32663312
HousekeepingGenes,HNRNPA1,,HRTAtlas,PMID32663312
HousekeepingGenes,NACA,,HRTAtlas,PMID32663312
HousekeepingGenes,MYL6,,HRTAtlas,PMID32663312
HousekeepingGenes,NFYB,,HRTAtlas,PMID32663312
HousekeepingGenes,RNASEK,,HRTAtlas,PMID32663312
HousekeepingGenes,NACA,,HRTAtlas,PMID32663312
HousekeepingGenes,NAP1L1,,HRTAtlas,PMID32663312
HousekeepingGenes,RPLP0,,HRTAtlas,PMID32663312
HousekeepingGenes,CD63,,HRTAtlas,PMID32663312
HousekeepingGenes,PA2G4,,HRTAtlas,PMID32663312
HousekeepingGenes,PCBP2,,HRTAtlas,PMID32663312
HousekeepingGenes,SLC25A3,,HRTAtlas,PMID32663312
HousekeepingGenes,RPL36A,,HRTAtlas,PMID32663312
HousekeepingGenes,CALM1,,HRTAtlas,PMID32663312
HousekeepingGenes,C14orf119,,HRTAtlas,PMID32663312
HousekeepingGenes,HNRNPC,,HRTAtlas,PMID32663312
HousekeepingGenes,NUMB,,HRTAtlas,PMID32663312
HousekeepingGenes,VTI1B,,HRTAtlas,PMID32663312
HousekeepingGenes,VTI1B,,HRTAtlas,PMID32663312
HousekeepingGenes,HECTD1,,HRTAtlas,PMID32663312
HousekeepingGenes,NPC2,,HRTAtlas,PMID32663312
HousekeepingGenes,HNRNPC,,HRTAtlas,PMID32663312
HousekeepingGenes,PPP2R5C,,HRTAtlas,PMID32663312
HousekeepingGenes,ITPK1,,HRTAtlas,PMID32663312
HousekeepingGenes,ERH,,HRTAtlas,PMID32663312
HousekeepingGenes,MNAT1,,HRTAtlas,PMID32663312
HousekeepingGenes,PAPOLA,,HRTAtlas,PMID32663312
HousekeepingGenes,SLIRP,,HRTAtlas,PMID32663312
HousekeepingGenes,PABPN1,,HRTAtlas,PMID32663312
HousekeepingGenes,RPL28,,HRTAtlas,PMID32663312
HousekeepingGenes,MORF4L1,,HRTAtlas,PMID32663312
HousekeepingGenes,SRP14,,HRTAtlas,PMID32663312
HousekeepingGenes,DUT,,HRTAtlas,PMID32663312
HousekeepingGenes,RPL28,,HRTAtlas,PMID32663312
HousekeepingGenes,RPL28,,HRTAtlas,PMID32663312
HousekeepingGenes,SECISBP2L,,HRTAtlas,PMID32663312
HousekeepingGenes,SPG11,,HRTAtlas,PMID32663312
HousekeepingGenes,SNX1,,HRTAtlas,PMID32663312
HousekeepingGenes,RPL28,,HRTAtlas,PMID32663312
HousekeepingGenes,SEC11A,,HRTAtlas,PMID32663312
HousekeepingGenes,ANP32A,,HRTAtlas,PMID32663312
HousekeepingGenes,PSME2,,HRTAtlas,PMID32663312
HousekeepingGenes,EID1,,HRTAtlas,PMID32663312
HousekeepingGenes,RPL28,,HRTAtlas,PMID32663312
HousekeepingGenes,CERS2,,HRTAtlas,PMID32663312
HousekeepingGenes,TSPAN3,,HRTAtlas,PMID32663312
HousekeepingGenes,CYB5B,,HRTAtlas,PMID32663312
HousekeepingGenes,BFAR,,HRTAtlas,PMID32663312
HousekeepingGenes,ZNF768,,HRTAtlas,PMID32663312
HousekeepingGenes,ALDOA,,HRTAtlas,PMID32663312
HousekeepingGenes,CSNK2A2,,HRTAtlas,PMID32663312
HousekeepingGenes,RPS15A,,HRTAtlas,PMID32663312
HousekeepingGenes,GSPT1,,HRTAtlas,PMID32663312
HousekeepingGenes,ALDOA,,HRTAtlas,PMID32663312
HousekeepingGenes,ALDOA,,HRTAtlas,PMID32663312
HousekeepingGenes,COX5A,,HRTAtlas,PMID32663312
HousekeepingGenes,RAB11A,,HRTAtlas,PMID32663312
HousekeepingGenes,ALDOA,,HRTAtlas,PMID32663312
HousekeepingGenes,SPG7,,HRTAtlas,PMID32663312
HousekeepingGenes,MAP2K1,,HRTAtlas,PMID32663312
HousekeepingGenes,RNPS1,,HRTAtlas,PMID32663312
HousekeepingGenes,ARPP19,,HRTAtlas,PMID32663312
HousekeepingGenes,TMEM219,,HRTAtlas,PMID32663312
HousekeepingGenes,UBFD1,,HRTAtlas,PMID32663312
HousekeepingGenes,METTL9,,HRTAtlas,PMID32663312
HousekeepingGenes,RAB11A,,HRTAtlas,PMID32663312
HousekeepingGenes,RPL13,,HRTAtlas,PMID32663312
HousekeepingGenes,MAZ,,HRTAtlas,PMID32663312
HousekeepingGenes,RPL4,,HRTAtlas,PMID32663312
HousekeepingGenes,ZNF865,,HRTAtlas,PMID32663312
HousekeepingGenes,FAM192A,,HRTAtlas,PMID32663312
HousekeepingGenes,NUTF2,,HRTAtlas,PMID32663312
HousekeepingGenes,RPL4,,HRTAtlas,PMID32663312
HousekeepingGenes,ALDOA,,HRTAtlas,PMID32663312
HousekeepingGenes,CDIPT,,HRTAtlas,PMID32663312
HousekeepingGenes,ACTG1,,HRTAtlas,PMID32663312
HousekeepingGenes,ANAPC11,,HRTAtlas,PMID32663312
HousekeepingGenes,ACTG1,,HRTAtlas,PMID32663312
HousekeepingGenes,YWHAE,,HRTAtlas,PMID32663312
HousekeepingGenes,ANAPC11,,HRTAtlas,PMID32663312
HousekeepingGenes,PRPF8,,HRTAtlas,PMID32663312
HousekeepingGenes,CTDNEP1,,HRTAtlas,PMID32663312
HousekeepingGenes,OVCA2,,HRTAtlas,PMID32663312
HousekeepingGenes,CIC,,HRTAtlas,PMID32663312
HousekeepingGenes,EIF5A,,HRTAtlas,PMID32663312
HousekeepingGenes,GABARAP,,HRTAtlas,PMID32663312
HousekeepingGenes,STX8,,HRTAtlas,PMID32663312
HousekeepingGenes,PELP1,,HRTAtlas,PMID32663312
HousekeepingGenes,ANAPC11,,HRTAtlas,PMID32663312
HousekeepingGenes,RNF167,,HRTAtlas,PMID32663312
HousekeepingGenes,CIC,,HRTAtlas,PMID32663312
HousekeepingGenes,TMEM219,,HRTAtlas,PMID32663312
HousekeepingGenes,GOSR2,,HRTAtlas,PMID32663312
HousekeepingGenes,GABARAP,,HRTAtlas,PMID32663312
HousekeepingGenes,RPL23,,HRTAtlas,PMID32663312
HousekeepingGenes,MSL1,,HRTAtlas,PMID32663312
HousekeepingGenes,UBB,,HRTAtlas,PMID32663312
HousekeepingGenes,EIF4A1,,HRTAtlas,PMID32663312
HousekeepingGenes,RPL17,,HRTAtlas,PMID32663312
HousekeepingGenes,MPRIP,,HRTAtlas,PMID32663312
HousekeepingGenes,RPL19,,HRTAtlas,PMID32663312
HousekeepingGenes,RPL17,,HRTAtlas,PMID32663312
HousekeepingGenes,RPL36,,HRTAtlas,PMID32663312
HousekeepingGenes,RPL36,,HRTAtlas,PMID32663312
HousekeepingGenes,YTHDC1,,HRTAtlas,PMID32663312
HousekeepingGenes,ANAPC11,,HRTAtlas,PMID32663312
HousekeepingGenes,DYNLL2,,HRTAtlas,PMID32663312
HousekeepingGenes,SUPT4H1,,HRTAtlas,PMID32663312
HousekeepingGenes,TOM1L2,,HRTAtlas,PMID32663312
HousekeepingGenes,SUPT4H1,,HRTAtlas,PMID32663312
HousekeepingGenes,PSMC5,,HRTAtlas,PMID32663312
HousekeepingGenes,DUS1L,,HRTAtlas,PMID32663312
HousekeepingGenes,SRSF1,,HRTAtlas,PMID32663312
HousekeepingGenes,RPL38,,HRTAtlas,PMID32663312
HousekeepingGenes,PSMG2,,HRTAtlas,PMID32663312
HousekeepingGenes,GPX4,,HRTAtlas,PMID32663312
HousekeepingGenes,LONP1,,HRTAtlas,PMID32663312
HousekeepingGenes,STK11,,HRTAtlas,PMID32663312
HousekeepingGenes,TBCB,,HRTAtlas,PMID32663312
HousekeepingGenes,SMAD2,,HRTAtlas,PMID32663312
HousekeepingGenes,CIRBP,,HRTAtlas,PMID32663312
HousekeepingGenes,RAD23A,,HRTAtlas,PMID32663312
HousekeepingGenes,AES,,HRTAtlas,PMID32663312
HousekeepingGenes,UBL5,,HRTAtlas,PMID32663312
HousekeepingGenes,GPX4,,HRTAtlas,PMID32663312
HousekeepingGenes,CAPNS1,,HRTAtlas,PMID32663312
HousekeepingGenes,C19orf53,,HRTAtlas,PMID32663312
HousekeepingGenes,SNRPD2,,HRTAtlas,PMID32663312
HousekeepingGenes,CIRBP,,HRTAtlas,PMID32663312
HousekeepingGenes,TMEM205,,HRTAtlas,PMID32663312
HousekeepingGenes,CAPNS1,,HRTAtlas,PMID32663312
HousekeepingGenes,GPI,,HRTAtlas,PMID32663312
HousekeepingGenes,NFIC,,HRTAtlas,PMID32663312
HousekeepingGenes,PRKAR1A,,HRTAtlas,PMID32663312
HousekeepingGenes,H3F3B,,HRTAtlas,PMID32663312
HousekeepingGenes,RPL27,,HRTAtlas,PMID32663312
HousekeepingGenes,TBCB,,HRTAtlas,PMID32663312
HousekeepingGenes,PSMG2,,HRTAtlas,PMID32663312
HousekeepingGenes,PDCD5,,HRTAtlas,PMID32663312
HousekeepingGenes,G6PC3,,HRTAtlas,PMID32663312
HousekeepingGenes,U2AF2,,HRTAtlas,PMID32663312
HousekeepingGenes,PSME3,,HRTAtlas,PMID32663312
HousekeepingGenes,TXNL1,,HRTAtlas,PMID32663312
HousekeepingGenes,MBD1,,HRTAtlas,PMID32663312
HousekeepingGenes,EIF1,,HRTAtlas,PMID32663312
HousekeepingGenes,TIMM13,,HRTAtlas,PMID32663312
HousekeepingGenes,H3F3B,,HRTAtlas,PMID32663312
HousekeepingGenes,UQCR11,,HRTAtlas,PMID32663312
HousekeepingGenes,PPP1R12C,,HRTAtlas,PMID32663312
HousekeepingGenes,PSMD8,,HRTAtlas,PMID32663312
HousekeepingGenes,NDUFA11,,HRTAtlas,PMID32663312
HousekeepingGenes,NCLN,,HRTAtlas,PMID32663312
HousekeepingGenes,PRKCSH,,HRTAtlas,PMID32663312
HousekeepingGenes,PPP1R12C,,HRTAtlas,PMID32663312
HousekeepingGenes,CDC37,,HRTAtlas,PMID32663312
HousekeepingGenes,TMEM205,,HRTAtlas,PMID32663312
HousekeepingGenes,RPS19,,HRTAtlas,PMID32663312
HousekeepingGenes,RAB11B,,HRTAtlas,PMID32663312
HousekeepingGenes,KHSRP,,HRTAtlas,PMID32663312
HousekeepingGenes,KXD1,,HRTAtlas,PMID32663312
HousekeepingGenes,SLC35E1,,HRTAtlas,PMID32663312
HousekeepingGenes,UBE2M,,HRTAtlas,PMID32663312
HousekeepingGenes,CLPP,,HRTAtlas,PMID32663312
HousekeepingGenes,DAPK3,,HRTAtlas,PMID32663312
HousekeepingGenes,NOSIP,,HRTAtlas,PMID32663312
HousekeepingGenes,ELAVL1,,HRTAtlas,PMID32663312
HousekeepingGenes,WDR83OS,,HRTAtlas,PMID32663312
HousekeepingGenes,RPS11,,HRTAtlas,PMID32663312
HousekeepingGenes,UBA52,,HRTAtlas,PMID32663312
HousekeepingGenes,SAMD4B,,HRTAtlas,PMID32663312
HousekeepingGenes,WDR83OS,,HRTAtlas,PMID32663312
HousekeepingGenes,RPS19,,HRTAtlas,PMID32663312
HousekeepingGenes,RPS11,,HRTAtlas,PMID32663312
HousekeepingGenes,RPS28,,HRTAtlas,PMID32663312
HousekeepingGenes,RPL37A,,HRTAtlas,PMID32663312
HousekeepingGenes,SELENOW,,HRTAtlas,PMID32663312
HousekeepingGenes,CHMP2A,,HRTAtlas,PMID32663312
HousekeepingGenes,RPS19,,HRTAtlas,PMID32663312
HousekeepingGenes,RPS16,,HRTAtlas,PMID32663312
HousekeepingGenes,KXD1,,HRTAtlas,PMID32663312
HousekeepingGenes,HNRNPDL,,HRTAtlas,PMID32663312
HousekeepingGenes,LAMTOR5,,HRTAtlas,PMID32663312
HousekeepingGenes,DNAJC3,,HRTAtlas,PMID32663312
HousekeepingGenes,PTP4A2,,HRTAtlas,PMID32663312
HousekeepingGenes,NCBP2-AS2,,HRTAtlas,PMID32663312
HousekeepingGenes,PSMC3,,HRTAtlas,PMID32663312
HousekeepingGenes,PSMD8,,HRTAtlas,PMID32663312
HousekeepingGenes,ANKRD10,,HRTAtlas,PMID32663312
HousekeepingGenes,RER1,,HRTAtlas,PMID32663312
HousekeepingGenes,NDUFB1,,HRTAtlas,PMID32663312
HousekeepingGenes,CUTA,,HRTAtlas,PMID32663312
HousekeepingGenes,WDR6,,HRTAtlas,PMID32663312
HousekeepingGenes,FKBP8,,HRTAtlas,PMID32663312
HousekeepingGenes,FBXW2,,HRTAtlas,PMID32663312
HousekeepingGenes,CHMP4A,,HRTAtlas,PMID32663312
